"Supplementary Data 3. All melanoma samples part of the Yale Melanoma Project with their covariates, MC1R genotype and mutation counts in trinucleotide context. In column D, F=Female, M=Male. ",,,,,,,,,,,,,,,,,,,,,,,,,,,,,,,,,,,,,,,,,,,,,,,,,,,,,,,,,,,,,,,,,,,,,,,,,,,,,,,,,,,,,,,,,,,,,,,,,,,,,,,,,,,,,,,,,,,,,,,
BARCODE,tum_type,age_at_diagnosis,gender,V60L,D84E,V92M,R142H,R151C,I155T,R160W,R163Q,D294H,OTHER,other.rscore,rgeno,C.A.in.ACA,C.A.in.ACC,C.A.in.ACG,C.A.in.ACT,C.A.in.CCA,C.A.in.CCC,C.A.in.CCG,C.A.in.CCT,C.A.in.GCA,C.A.in.GCC,C.A.in.GCG,C.A.in.GCT,C.A.in.TCA,C.A.in.TCC,C.A.in.TCG,C.A.in.TCT,C.G.in.ACA,C.G.in.ACC,C.G.in.ACG,C.G.in.ACT,C.G.in.CCA,C.G.in.CCC,C.G.in.CCG,C.G.in.CCT,C.G.in.GCA,C.G.in.GCC,C.G.in.GCG,C.G.in.GCT,C.G.in.TCA,C.G.in.TCC,C.G.in.TCG,C.G.in.TCT,C.T.in.ACA,C.T.in.ACC,C.T.in.ACG,C.T.in.ACT,C.T.in.CCA,C.T.in.CCC,C.T.in.CCG,C.T.in.CCT,C.T.in.GCA,C.T.in.GCC,C.T.in.GCG,C.T.in.GCT,C.T.in.TCA,C.T.in.TCC,C.T.in.TCG,C.T.in.TCT,T.A.in.ATA,T.A.in.ATC,T.A.in.ATG,T.A.in.ATT,T.A.in.CTA,T.A.in.CTC,T.A.in.CTG,T.A.in.CTT,T.A.in.GTA,T.A.in.GTC,T.A.in.GTG,T.A.in.GTT,T.A.in.TTA,T.A.in.TTC,T.A.in.TTG,T.A.in.TTT,T.C.in.ATA,T.C.in.ATC,T.C.in.ATG,T.C.in.ATT,T.C.in.CTA,T.C.in.CTC,T.C.in.CTG,T.C.in.CTT,T.C.in.GTA,T.C.in.GTC,T.C.in.GTG,T.C.in.GTT,T.C.in.TTA,T.C.in.TTC,T.C.in.TTG,T.C.in.TTT,T.G.in.ATA,T.G.in.ATC,T.G.in.ATG,T.G.in.ATT,T.G.in.CTA,T.G.in.CTC,T.G.in.CTG,T.G.in.CTT,T.G.in.GTA,T.G.in.GTC,T.G.in.GTG,T.G.in.GTT,T.G.in.TTA,T.G.in.TTC,T.G.in.TTG,T.G.in.TTT,T.G,T.C,T.A,C.A,C.G,C.T,totalNonUV,totalSNV
YUAKER,primary,85,M,0,0,0,0,0,0,0,0,0,NA,NA,"0,0",2,2,0,0,3,5,0,1,0,0,1,0,6,4,1,5,1,1,0,0,1,0,1,0,2,0,0,0,2,1,1,2,2,45,1,15,112,146,60,120,0,35,0,33,227,572,223,143,3,3,3,5,2,1,1,2,2,0,1,1,1,1,0,12,2,1,2,3,1,0,1,4,6,1,0,6,2,1,5,2,0,1,1,0,2,1,1,1,0,1,1,2,1,2,1,0,15,37,38,30,12,1734,132,1866
YUAME,metastasis,62,M,0,0,0,0,1,0,0,0,0,NA,NA,"R,0",1,0,0,0,0,0,0,0,0,0,0,0,0,0,1,0,0,0,0,2,0,0,3,0,0,0,0,0,0,0,0,0,0,0,0,0,2,4,2,6,0,1,1,2,3,6,7,1,0,0,0,0,0,0,0,0,0,0,0,0,0,0,0,0,0,0,1,0,0,1,0,0,0,0,0,0,1,0,0,1,0,0,0,0,0,1,0,0,0,0,0,0,0,0,0,0,1,4,0,2,5,35,12,47
YUAVEY,metastasis,58,F,0,0,0,0,1,0,0,0,0,NA,NA,"R,0",0,1,0,0,3,3,0,5,0,0,0,0,1,2,0,3,0,0,0,1,0,1,2,2,0,0,0,0,2,0,0,2,1,32,1,1,58,47,15,50,1,23,0,8,57,161,51,35,1,1,1,1,0,0,2,1,0,0,0,1,0,0,1,5,1,2,0,1,0,2,2,4,1,2,0,1,1,2,1,3,0,0,2,0,0,0,0,4,0,0,1,1,0,0,0,2,10,23,14,18,10,541,75,616
YUBAN,metastasis,65,M,0,0,1,0,1,0,0,0,0,NA,NA,"R,r",0,0,0,1,2,0,1,1,0,1,0,2,2,0,0,0,0,0,0,0,0,0,0,0,1,0,1,0,1,2,0,0,0,9,0,4,26,22,12,16,0,6,0,4,28,65,28,16,1,0,0,0,0,0,0,0,0,0,2,0,0,1,0,2,0,0,1,1,2,1,1,3,0,0,0,3,1,0,1,0,0,1,1,0,0,0,1,0,0,0,3,1,0,0,0,1,8,14,6,10,5,236,43,279
YUBEL,metastasis,75,F,0,0,1,0,0,0,0,0,0,NA,NA,"r,0",1,1,2,0,5,0,0,4,0,1,0,0,2,11,0,1,0,1,1,3,0,0,3,1,0,1,0,0,1,1,2,6,3,32,4,13,121,151,40,120,2,32,1,29,207,426,158,124,2,1,4,3,1,6,2,5,0,1,0,0,1,1,1,12,0,0,1,1,2,3,5,5,3,1,2,8,5,1,3,3,0,0,0,0,0,5,3,5,1,0,2,1,2,0,2,1,22,43,40,28,20,1463,153,1616
YUBER,metastasis,83,M,0,0,0,0,1,0,0,0,0,NA,NA,"R,0",3,4,1,5,10,1,0,4,4,3,0,1,6,6,2,2,1,1,0,2,0,2,6,4,0,2,0,2,0,3,0,2,1,41,6,12,124,220,53,123,11,48,2,20,151,469,164,112,2,0,1,6,0,2,6,4,1,0,4,3,2,4,3,6,0,2,5,5,6,5,4,11,2,2,4,25,5,3,6,8,1,1,1,0,0,5,1,4,1,1,5,0,2,2,1,3,28,93,44,52,25,1557,242,1799
YUBG,metastasis,60,M,1,0,0,0,0,0,1,0,0,NA,NA,"R,r",0,0,0,1,0,1,1,0,0,1,0,0,0,0,0,1,0,0,0,0,0,1,0,0,0,0,0,0,1,1,0,0,0,20,2,4,55,48,18,47,0,16,0,10,84,138,82,56,0,2,1,0,0,0,1,3,0,0,0,1,0,3,1,5,0,1,0,0,0,1,0,5,0,1,0,4,1,1,1,0,0,1,3,1,0,2,0,3,0,0,1,1,0,1,0,0,13,15,17,5,3,580,53,633
YUBIG,metastasis,63,M,1,0,0,0,0,0,1,0,0,NA,NA,"R,r",1,1,1,1,0,1,1,1,1,0,0,0,1,4,0,0,0,0,0,0,0,0,0,0,0,0,1,1,0,0,0,1,0,7,0,3,10,21,9,22,1,9,0,3,12,46,13,10,0,0,0,0,1,1,0,0,0,0,2,1,0,2,0,3,0,0,2,1,1,0,1,2,0,0,0,7,0,1,0,0,0,0,0,0,0,0,0,1,0,0,0,1,0,0,0,0,2,15,10,13,3,166,43,209
YUBLAST,metastasis,45,F,0,0,0,0,0,0,0,0,0,NA,NA,"0,0",18,31,15,17,59,51,38,51,26,33,24,27,15,43,12,16,5,1,1,7,7,9,14,7,4,8,6,3,6,8,6,14,7,7,10,4,23,12,9,18,5,12,3,8,12,17,6,8,1,2,5,2,4,7,21,6,5,4,10,5,1,1,5,2,6,2,2,6,3,3,7,3,8,3,3,3,2,1,1,1,0,2,1,0,0,1,4,1,1,1,3,1,0,1,0,0,16,54,81,476,106,161,733,894
YUBOW,metastasis,84,F,0,0,0,0,1,0,0,1,0,NA,NA,"R,r",0,0,0,0,1,0,0,0,0,0,0,0,0,0,0,1,0,0,0,0,0,0,0,0,0,0,0,0,0,0,0,0,1,0,0,0,0,1,0,0,0,0,1,0,0,3,2,0,0,0,0,0,0,0,0,0,0,0,1,1,0,0,0,0,0,0,0,0,0,0,0,0,0,1,0,0,0,0,0,0,0,0,0,0,0,1,0,0,0,0,0,0,0,0,0,0,1,1,2,2,0,8,6,14
YUBUNE,metastasis,69,F,0,0,0,0,0,0,0,0,0,NA,NA,"0,0",0,0,0,0,2,3,1,1,0,0,0,0,0,3,0,0,1,1,0,0,0,0,1,1,0,0,0,0,0,0,0,1,1,19,0,7,28,43,12,32,1,9,0,4,44,87,44,38,0,0,2,2,2,0,0,0,0,1,1,0,1,1,1,2,0,4,3,1,2,0,2,5,0,1,1,7,1,1,2,2,0,0,0,0,0,0,0,0,0,0,1,0,0,0,0,0,1,32,13,10,5,369,61,430
YUCANDY,metastasis,46,M,0,0,0,0,0,0,0,0,0,NA,NA,"0,0",0,0,0,1,0,1,1,0,0,0,0,0,0,0,0,0,0,0,0,0,0,0,0,1,0,0,0,0,0,0,0,0,1,3,1,1,11,16,2,4,2,8,0,0,6,27,9,10,0,0,0,0,0,1,0,0,0,0,0,0,0,0,0,0,0,0,0,0,0,0,0,0,0,0,0,0,0,1,0,1,0,1,0,0,0,0,0,0,0,0,1,0,0,0,0,0,2,2,1,3,1,101,9,110
YUCAS,metastasis,58,M,0,0,0,0,0,0,0,0,0,NA,NA,"0,0",0,2,0,0,10,3,2,2,4,0,1,0,1,3,1,0,0,1,1,2,0,1,1,0,0,0,0,0,1,3,0,3,1,12,3,3,34,44,17,34,2,7,3,5,47,117,58,29,2,0,0,0,0,2,0,2,1,0,1,0,0,0,1,1,2,1,0,0,0,3,0,4,2,2,0,4,0,2,0,2,0,2,0,0,1,0,0,3,0,2,0,0,0,2,1,2,13,22,10,29,13,416,87,503
YUCAV,primary,61,M,1,0,0,0,0,0,0,0,0,NA,NA,"r,0",1,0,0,0,1,0,1,3,1,0,0,0,2,1,0,0,0,0,1,0,0,0,2,0,0,0,0,1,1,0,0,0,0,14,1,4,33,52,18,23,1,12,2,5,49,158,49,42,0,0,1,1,1,1,0,0,2,0,0,1,0,1,2,2,0,1,2,1,0,1,0,1,2,0,1,10,0,7,3,0,1,0,2,0,0,0,0,0,0,0,0,0,0,0,1,0,4,29,12,10,5,463,60,523
YUCHIME,primary,83,M,0,0,1,0,0,0,0,0,1,NA,NA,"R,r",0,0,0,0,3,1,1,2,0,2,0,0,0,0,0,1,0,0,1,1,1,1,0,2,1,0,0,0,1,1,0,2,2,21,1,6,56,76,22,61,1,22,0,8,67,169,70,42,0,1,1,2,1,1,1,1,0,0,2,1,1,1,1,1,2,0,0,1,2,3,1,5,0,0,0,8,3,0,2,1,0,0,0,0,0,0,1,3,0,0,1,1,1,0,0,0,7,28,15,10,11,624,71,695
YUCHUFA,primary,73,F,0,0,0,0,0,0,0,0,0,NA,NA,"0,0",0,0,0,0,1,0,0,0,0,0,0,0,0,1,0,2,0,0,0,0,0,0,0,0,0,0,0,0,0,0,0,0,1,0,4,0,2,2,1,2,0,0,0,1,1,11,6,2,0,0,0,0,0,0,0,0,0,0,1,0,0,0,0,0,0,1,0,0,0,1,0,0,1,0,1,2,0,0,1,1,0,0,0,0,0,0,0,0,0,0,0,0,0,1,0,0,1,8,1,4,0,33,14,47
YUCIVET,metastasis,83,M,1,0,0,0,0,0,0,0,0,NA,NA,"r,0",0,0,0,0,3,0,0,0,0,0,0,0,0,1,0,0,1,0,0,0,0,0,0,1,0,0,0,0,1,0,0,1,2,5,1,2,7,15,5,6,1,5,1,3,11,38,24,13,0,0,0,0,0,0,0,0,0,0,0,0,0,0,0,2,0,0,0,1,1,0,0,2,0,0,1,1,1,1,1,0,0,0,0,0,0,0,0,0,0,0,0,1,0,0,0,2,3,9,2,4,4,139,22,161
YUCLAT,metastasis,65,M,0,1,0,0,0,0,0,0,0,NA,NA,"R,0",0,0,0,0,2,0,1,2,0,1,0,0,1,4,0,1,0,0,1,0,0,1,0,0,1,0,1,0,0,0,0,0,2,12,2,3,39,43,20,32,1,12,1,10,38,106,37,30,2,1,3,2,0,1,0,0,0,0,1,1,0,3,2,1,1,0,0,1,0,1,0,0,0,0,0,5,0,1,2,1,0,0,1,1,0,2,1,0,0,0,0,2,0,1,1,0,9,12,17,12,4,388,54,442
YUCOVE,metastasis,82,F,0,0,0,0,0,0,0,1,0,NA,NA,"r,0",1,0,1,0,0,0,0,1,1,0,0,0,0,1,0,0,0,1,1,1,0,0,0,0,0,0,0,0,0,1,0,0,0,6,1,4,8,22,5,12,0,6,2,1,20,62,29,15,0,1,1,1,0,1,0,0,1,0,1,0,0,0,0,0,0,0,0,0,0,0,1,0,0,0,0,0,1,0,0,0,0,0,0,0,0,0,0,0,0,0,1,0,0,0,0,0,1,2,6,5,4,193,18,211
YUCOW,primary,69,M,0,0,1,1,0,0,0,0,0,NA,NA,"R,r",1,1,0,1,4,0,0,0,0,0,0,0,0,0,0,0,0,0,0,0,1,1,2,3,0,0,0,0,1,1,0,0,0,11,1,4,27,32,13,30,1,8,1,11,29,83,25,10,2,0,0,1,0,1,0,0,0,1,2,0,0,0,0,2,1,0,0,1,0,0,1,1,0,1,0,5,1,1,3,1,0,0,0,0,0,1,0,0,1,0,1,0,0,0,1,0,4,16,9,7,9,286,45,331
YUCROFT,primary,54,M,1,0,0,0,0,0,0,0,0,NA,NA,"r,0",1,0,0,0,0,0,0,0,0,0,0,0,1,0,0,0,0,1,0,0,0,0,0,0,0,0,0,0,0,0,0,0,0,2,0,0,5,9,0,7,0,3,0,0,5,29,17,6,1,0,0,1,0,0,0,0,0,0,1,0,0,0,0,0,0,0,0,0,1,0,0,0,0,1,0,0,0,0,0,0,0,0,0,0,0,0,1,0,0,0,0,0,0,0,0,0,1,2,3,2,1,83,9,92
YUCYLO,primary,62,F,0,0,0,0,0,0,1,0,0,NA,NA,"R,0",1,0,1,0,1,1,1,0,1,1,0,0,1,1,0,1,0,0,0,1,0,2,0,1,0,0,0,0,0,0,1,1,0,8,0,3,29,48,20,37,1,20,0,5,19,88,41,35,1,0,2,2,1,0,1,0,0,0,2,0,3,3,1,1,2,0,1,1,2,0,0,3,0,0,2,5,2,1,2,0,0,0,1,0,1,0,2,2,0,1,1,1,0,1,0,1,11,21,17,10,6,354,65,419
YUDAB,primary,73,F,0,0,1,0,0,0,0,0,0,NA,NA,"r,0",1,2,0,2,5,0,2,4,2,0,0,1,3,6,1,3,0,1,0,2,0,1,1,1,1,1,0,0,2,3,0,2,3,21,2,8,85,110,24,87,1,24,3,19,107,288,101,78,2,0,0,1,0,0,0,5,0,1,2,0,1,2,0,4,0,1,2,3,1,1,2,5,0,1,2,11,4,1,3,3,0,0,0,0,1,1,6,2,0,1,3,0,1,3,1,2,21,40,18,32,15,961,126,1087
YUDARE,metastasis,58,M,0,0,0,0,0,0,0,0,0,NA,NA,"0,0",0,0,0,0,2,1,0,1,0,0,0,0,0,0,0,1,0,0,0,0,0,0,0,0,0,0,0,0,0,0,0,1,0,2,0,1,9,11,3,5,0,3,0,0,5,21,9,12,0,0,0,0,0,0,0,0,0,0,1,0,0,0,0,1,0,1,2,0,0,0,0,0,0,1,0,3,0,0,0,1,0,0,0,0,0,0,0,1,0,0,0,1,0,0,0,0,2,8,2,5,1,81,18,99
YUDATE,metastasis,81,M,0,0,0,0,0,0,0,0,0,NA,NA,"0,0",0,3,0,0,1,0,1,1,0,0,0,2,1,0,0,0,1,0,0,1,0,0,0,0,0,0,0,0,0,0,0,2,1,0,7,1,5,2,3,1,0,1,3,0,1,0,3,4,0,1,1,0,0,0,1,0,0,0,0,0,0,0,0,0,0,3,0,1,1,0,1,1,2,0,1,0,0,1,0,0,0,0,0,0,0,0,0,2,0,0,0,0,0,0,1,0,3,11,3,9,4,32,30,62
YUDEDE,metastasis,83,M,0,0,1,0,0,0,0,0,0,NA,NA,"r,0",0,0,0,0,2,4,0,0,1,0,0,0,0,2,0,3,1,0,4,0,0,0,0,0,0,0,2,0,0,0,1,1,2,15,1,6,44,78,29,44,0,20,1,8,55,153,84,61,2,2,1,5,2,0,3,5,0,0,0,0,1,1,0,5,0,0,2,0,0,2,2,4,0,1,0,8,2,4,4,1,1,0,1,0,0,0,1,0,0,2,1,3,0,4,0,0,13,30,27,12,9,601,91,692
YUDEXA,metastasis,82,M,0,0,0,0,0,0,0,0,0,NA,NA,"0,0",1,1,1,0,1,1,1,1,0,0,0,0,0,2,0,0,0,0,0,0,0,0,1,0,1,0,0,0,0,0,0,2,1,25,2,6,72,82,29,72,2,27,4,10,68,173,97,66,0,0,1,0,0,0,0,3,2,0,3,1,0,4,1,4,0,0,0,1,1,1,3,2,1,0,0,6,1,3,1,2,0,0,2,0,0,0,0,1,0,0,0,1,1,2,1,1,9,22,19,9,4,736,63,799
YUDIALE,metastasis,53,M,0,0,1,0,1,0,0,0,0,NA,NA,"R,r",2,0,0,0,3,0,0,1,1,0,0,1,1,2,1,0,0,0,0,3,0,1,3,0,0,2,1,0,0,0,0,1,0,14,0,3,28,40,22,34,1,13,0,3,39,87,42,29,0,0,0,0,0,1,0,0,0,0,1,0,2,1,0,4,0,1,0,1,2,3,1,2,0,0,0,1,0,1,0,0,1,0,0,0,1,1,0,0,0,0,2,0,1,1,0,0,7,12,9,12,11,355,51,406
YUDIVI,metastasis,60,M,0,0,0,0,0,0,0,0,1,NA,NA,"R,0",0,0,1,0,0,1,0,1,0,0,0,0,0,3,0,3,0,0,1,0,0,0,0,0,0,0,0,1,0,0,0,1,0,8,1,4,21,28,9,15,0,7,2,2,39,79,34,21,0,0,1,3,0,0,0,0,0,0,1,0,0,0,0,2,1,0,2,0,1,0,1,0,0,0,1,1,0,2,0,0,0,0,0,1,0,0,2,0,0,0,0,0,0,1,0,0,4,9,7,9,3,270,32,302
YUDON,metastasis,61,F,0,0,0,0,0,0,1,0,0,NA,NA,"R,0",0,1,0,0,4,1,0,0,0,1,0,0,0,4,1,0,0,0,0,0,0,0,2,0,0,0,0,0,0,1,0,1,1,6,1,5,22,40,14,27,1,7,1,4,42,71,34,20,0,1,1,2,0,0,0,2,2,0,2,1,1,2,1,1,1,0,1,0,0,0,2,3,2,0,0,9,2,2,1,3,0,1,1,0,1,0,0,0,0,0,2,0,0,0,0,0,5,26,16,12,4,296,63,359
YUDUTY,metastasis,80,F,0,0,1,0,0,0,0,0,0,NA,NA,"r,0",1,3,0,3,3,2,1,1,0,1,1,0,3,5,3,4,1,1,1,0,1,0,3,0,0,1,0,1,2,2,1,2,2,33,1,17,101,125,51,98,7,27,0,8,113,289,134,97,3,1,1,9,0,3,0,5,1,2,0,2,1,3,4,5,5,8,8,5,2,7,1,15,8,7,7,23,8,6,2,2,1,0,3,1,1,0,1,3,1,1,2,1,0,1,0,1,17,114,40,31,16,1103,218,1321
YUFARCI,metastasis,54,M,1,0,0,0,0,0,0,0,0,NA,NA,"r,0",1,1,0,0,1,1,0,0,0,1,0,2,0,0,0,1,1,0,0,1,2,2,0,0,0,0,0,0,0,2,0,0,1,8,3,0,20,19,8,15,0,9,0,2,29,70,33,25,0,1,0,0,1,0,0,0,0,2,0,1,0,0,2,1,0,0,0,0,2,0,1,2,2,1,0,0,0,0,4,0,0,0,1,0,0,0,0,0,0,1,1,0,0,0,0,1,4,12,8,8,8,242,40,282
YUFERY,metastasis,89,F,0,0,0,0,0,0,0,0,0,NA,NA,"0,0",1,1,1,1,1,2,0,0,1,1,0,0,4,0,1,1,0,0,0,0,0,0,0,1,0,0,0,0,1,1,0,1,2,22,1,11,59,63,17,42,1,14,3,8,78,186,67,49,2,0,2,4,0,0,1,0,1,1,3,0,3,0,3,5,0,0,1,2,3,1,0,7,1,1,2,4,6,1,1,2,3,0,0,1,0,0,0,1,1,0,2,3,0,1,2,0,14,32,25,15,4,623,90,713
YUFIT,metastasis,87,M,0,0,0,0,0,0,1,0,0,NA,NA,"R,0",0,1,0,0,0,4,0,3,0,0,0,0,1,2,1,2,0,0,0,1,0,0,1,0,0,0,0,0,0,1,1,0,1,19,2,2,50,55,20,52,0,16,2,10,55,149,58,48,0,1,2,3,1,3,0,1,0,0,1,0,1,2,1,3,1,0,2,1,1,3,2,3,1,1,0,4,0,0,4,3,0,0,2,0,0,0,1,0,0,0,0,1,1,0,0,0,5,26,19,14,4,539,68,607
YUFLA,metastasis,52,M,1,0,1,0,0,0,0,0,0,NA,NA,"r,r",3,0,0,0,0,0,0,0,1,1,0,0,0,0,0,1,0,1,0,1,1,0,0,1,0,0,0,0,0,0,0,0,0,15,2,2,37,44,10,32,0,11,2,7,42,122,52,36,1,0,0,1,0,1,0,0,1,1,1,1,1,0,1,1,0,1,0,2,1,2,0,2,0,1,0,5,0,1,0,0,0,1,0,0,1,0,0,2,0,0,2,0,0,0,1,0,7,15,10,6,4,414,42,456
YUFOLD,primary,92,F,0,0,0,0,0,0,0,0,0,NA,NA,"0,0",2,2,0,0,2,1,1,1,0,1,0,0,1,4,0,0,0,1,0,0,1,1,0,0,0,1,1,0,0,1,1,2,1,12,2,2,32,42,15,17,0,9,2,6,35,99,44,26,2,1,1,1,0,0,2,1,1,0,1,0,0,0,1,3,3,0,0,1,0,3,0,3,1,1,0,6,0,0,2,1,0,0,1,0,1,0,1,1,0,0,1,1,0,2,1,0,9,21,14,15,9,344,68,412
YUGAFFE,metastasis,39,M,0,0,0,0,1,0,0,0,1,NA,NA,"R,R",2,0,0,2,2,2,1,1,1,0,1,0,0,2,0,2,1,1,1,1,0,0,1,0,0,0,0,0,0,1,0,0,2,32,1,11,79,108,40,90,3,33,4,14,103,315,127,92,0,1,3,3,1,0,0,2,0,0,1,1,0,0,0,0,1,0,1,0,1,2,1,2,1,0,2,16,3,0,6,2,1,0,3,0,0,0,0,1,0,0,4,1,0,0,1,2,13,38,12,16,6,1054,85,1139
YUGASP,metastasis,88,F,1,0,0,0,0,0,0,0,0,NA,NA,"r,0",0,0,0,1,1,5,0,0,2,0,0,0,0,0,1,0,0,1,0,1,0,0,0,1,0,0,0,0,1,0,0,1,1,13,1,5,27,34,8,17,0,4,1,4,44,80,50,29,0,1,2,3,0,0,0,1,0,0,1,0,0,0,1,3,0,0,1,2,2,0,2,1,1,0,1,4,2,1,0,0,0,0,0,1,0,0,1,1,0,0,0,0,0,0,2,0,5,17,12,10,5,318,49,367
YUGATOR,metastasis,68,M,1,0,0,0,0,0,0,0,0,NA,NA,"r,0",3,0,0,1,2,0,0,2,0,1,0,0,1,0,1,2,1,0,0,1,0,1,0,0,0,0,0,0,1,0,3,3,0,28,2,4,58,83,22,69,0,21,0,13,71,184,86,52,0,1,0,6,0,2,0,2,0,0,1,2,0,1,0,3,1,0,2,1,0,0,2,5,0,0,0,5,0,5,1,2,1,0,0,0,0,1,0,3,0,0,0,2,0,1,0,1,9,24,18,13,10,693,74,767
YUGEMA,metastasis,58,M,0,0,0,0,0,0,0,0,0,NA,NA,"0,0",1,0,0,0,1,0,1,2,0,0,0,1,0,2,0,1,0,0,0,0,0,1,1,0,0,0,0,0,0,0,0,0,0,5,2,1,10,13,7,8,0,0,0,3,16,25,6,7,0,0,0,0,0,0,0,0,0,0,0,0,0,0,0,1,1,1,0,2,1,0,1,0,0,0,0,1,1,0,1,0,0,0,0,0,0,0,0,0,0,0,0,0,0,0,0,0,0,9,1,9,2,103,21,124
YUGISMO,metastasis,73,M,0,0,1,0,0,0,1,0,0,NA,NA,"R,r",2,0,0,0,1,1,0,0,0,1,0,0,3,0,0,0,0,0,0,0,0,0,0,0,0,0,0,1,0,0,0,1,1,6,1,1,13,12,8,16,0,2,1,3,13,46,30,20,0,0,0,0,1,0,0,1,0,0,0,0,0,0,1,0,0,0,0,0,1,1,2,0,0,0,0,1,1,1,1,0,0,0,0,0,1,0,0,4,1,0,1,0,0,0,0,0,7,8,3,8,2,173,28,201
YUGOE,metastasis,54,M,1,0,1,0,0,0,0,0,0,NA,NA,"r,r",0,2,1,1,2,4,0,3,0,1,0,1,5,3,0,0,1,0,0,0,1,1,0,0,0,0,0,1,1,4,2,1,1,40,0,5,90,145,42,95,2,53,4,12,135,324,167,85,2,3,1,7,4,1,3,1,1,2,1,4,4,4,0,7,1,2,2,5,5,1,9,8,1,2,3,21,4,6,3,6,0,0,1,2,0,3,1,3,0,2,4,0,1,6,1,8,32,79,45,23,12,1200,191,1391
YUGURT,metastasis,59,F,1,0,0,0,0,0,0,0,0,NA,NA,"r,0",0,0,0,0,1,0,2,2,0,0,0,1,1,2,0,2,1,1,1,0,0,1,1,1,0,0,0,0,1,2,0,3,0,28,2,14,95,125,25,104,1,22,1,15,113,282,145,96,1,2,0,1,3,1,0,0,0,1,1,0,2,2,2,3,0,1,4,0,0,3,1,3,0,1,0,10,4,0,4,1,1,1,2,0,0,1,0,1,0,1,0,1,1,1,0,2,12,32,19,11,12,1068,86,1154
YUHAM,metastasis,58,M,0,0,0,0,0,0,0,0,1,NA,NA,"R,0",0,0,0,0,2,0,0,1,0,0,0,0,0,0,0,0,0,0,0,0,1,2,0,0,0,0,0,0,0,0,0,0,1,4,1,0,7,4,0,4,0,1,1,2,5,6,4,3,0,0,3,0,0,1,0,0,0,0,0,0,0,0,0,0,0,0,0,3,0,0,0,0,0,0,0,0,0,0,0,0,0,0,0,0,0,0,0,0,1,0,0,1,0,0,0,0,2,3,4,3,3,43,15,58
YUHAMA,metastasis,58,M,0,0,0,0,1,0,0,1,0,NA,NA,"R,r",1,0,0,0,1,0,0,0,0,0,0,1,0,1,0,0,1,0,1,0,0,1,1,0,0,0,0,0,0,1,0,0,0,10,2,2,22,50,16,26,0,10,1,10,33,105,45,17,1,1,0,2,0,0,2,0,1,0,0,0,1,0,0,1,0,2,0,0,0,0,0,3,0,0,0,4,1,1,0,0,0,1,0,1,0,1,0,0,0,0,1,1,0,0,1,0,6,11,9,4,5,349,35,384
YUHEF,metastasis,53,M,0,0,0,0,0,0,0,0,0,NA,NA,"0,0",1,1,1,0,0,1,1,1,0,0,0,0,3,8,1,2,0,0,2,1,0,1,1,2,0,0,0,1,0,2,0,0,1,22,2,3,75,101,30,70,0,25,2,13,111,268,122,58,0,3,1,2,1,4,2,0,1,1,0,1,0,2,1,2,1,2,1,4,0,0,1,4,1,4,1,8,6,0,5,4,1,0,0,1,1,3,1,1,0,0,2,2,1,1,1,2,17,42,21,20,10,903,110,1013
YUHUY,metastasis,63,M,0,0,0,0,0,0,0,0,0,NA,NA,"0,0",0,0,0,0,0,0,0,0,0,0,0,0,1,1,0,0,0,0,1,0,0,0,0,1,1,0,0,0,0,1,0,0,0,6,1,2,16,21,4,12,0,0,0,0,12,24,10,6,1,0,1,1,0,0,0,1,0,0,2,0,0,0,0,1,0,0,1,0,0,0,1,0,0,0,0,3,0,0,0,0,1,0,0,0,0,0,0,0,0,0,1,1,0,0,0,0,3,5,7,2,4,114,21,135
YUJUBE,metastasis,68,F,1,0,0,0,0,0,0,0,0,NA,NA,"r,0",0,0,0,1,0,1,0,2,0,0,1,0,0,2,2,1,0,0,1,2,0,0,3,0,0,0,2,0,1,0,0,1,0,18,0,4,32,68,22,51,1,15,1,8,84,162,75,41,0,0,0,1,0,0,0,0,0,0,1,1,1,1,0,0,0,1,0,2,0,0,0,3,0,1,0,6,2,0,1,2,0,0,1,1,0,0,0,0,0,0,1,0,1,1,1,0,6,18,5,10,10,582,49,631
YUKADI,metastasis,56,M,0,0,0,0,0,0,0,0,0,NA,NA,"0,0",2,2,0,0,3,1,0,3,0,0,0,0,0,4,0,1,0,0,0,0,0,0,0,0,0,0,0,0,2,0,0,1,0,9,1,1,31,42,9,21,1,5,1,3,26,69,26,19,1,0,0,0,0,1,0,0,1,0,1,1,0,0,0,0,0,0,0,1,0,1,2,0,0,0,0,2,0,2,2,0,0,0,0,0,2,0,0,0,0,0,1,2,1,0,2,0,8,10,5,16,3,264,42,306
YUKAE,metastasis,57,F,1,0,0,0,0,0,1,0,0,NA,NA,"R,r",1,0,0,0,1,0,1,0,0,0,0,1,0,0,1,0,1,0,0,0,0,0,0,0,1,0,0,0,0,1,0,2,0,10,2,0,10,33,7,22,0,12,2,6,25,52,25,21,0,0,1,1,1,1,1,1,0,0,1,1,0,0,0,0,1,0,1,0,0,0,0,2,0,0,0,3,1,1,1,0,0,0,0,0,0,0,1,0,1,1,0,0,0,2,0,0,5,10,8,5,5,227,33,260
YUKARN,metastasis,86,F,0,0,1,0,0,0,0,0,0,NA,NA,"r,0",1,0,0,0,1,2,1,0,1,2,0,0,4,3,0,0,0,0,0,0,2,0,0,3,1,0,0,1,4,5,1,0,0,11,3,3,17,23,8,19,0,10,0,4,28,74,28,20,0,1,0,3,0,1,1,1,0,0,2,1,0,1,0,0,2,0,0,1,1,1,0,0,1,1,1,2,1,0,0,0,0,0,2,0,0,0,1,0,0,0,0,0,0,0,0,0,3,11,11,15,17,248,57,305
YUKAT,metastasis,78,M,1,0,0,0,1,0,0,0,0,NA,NA,"R,r",4,5,3,1,11,5,2,14,3,4,0,4,2,12,0,4,0,3,1,1,1,2,7,0,1,3,4,1,0,3,2,4,45,366,39,169,259,583,91,384,92,436,44,277,273,1137,287,394,6,9,6,12,3,4,4,9,3,4,2,5,3,10,5,16,31,19,32,26,23,16,35,27,77,34,56,125,29,26,28,39,2,3,7,4,3,5,4,8,1,2,12,5,6,2,1,12,77,623,101,74,33,4876,908,5784
YUKIL,metastasis,76,M,0,0,0,0,1,0,0,0,0,NA,NA,"R,0",0,0,0,0,0,1,0,2,0,0,0,0,1,1,1,2,0,1,0,1,1,0,0,1,0,0,0,0,0,0,1,1,0,20,4,3,64,95,27,65,0,31,4,14,68,188,65,59,3,2,0,2,0,1,3,0,0,1,2,0,2,3,1,2,0,0,1,4,1,0,2,3,2,2,0,6,2,0,0,1,0,0,3,0,0,1,1,1,1,0,3,0,0,3,1,1,15,24,22,8,6,707,75,782
YUKLAB,metastasis,84,M,1,0,0,0,1,0,0,0,0,NA,NA,"R,r",10,11,0,5,9,8,9,19,6,10,2,10,9,21,1,12,4,21,2,23,3,10,10,28,14,65,5,19,15,57,7,52,11,230,27,33,403,787,292,424,28,245,240,72,234,1700,296,375,21,17,9,10,4,4,5,7,5,11,2,5,9,12,1,16,26,16,22,22,25,11,22,21,27,46,11,24,9,25,8,11,8,7,7,3,4,22,22,30,7,8,8,16,9,26,14,18,209,326,138,142,335,5397,1150,6547
YUKRIN,metastasis,37,F,0,0,1,0,1,0,0,0,0,NA,NA,"R,r",0,1,0,1,2,0,2,1,0,0,0,0,1,3,1,1,0,0,0,0,1,1,1,0,0,0,1,0,0,1,0,1,0,9,2,3,23,32,17,23,0,13,2,6,25,58,21,33,0,2,1,0,1,1,0,0,0,0,0,1,0,1,0,1,0,1,2,1,1,1,0,0,0,0,2,2,1,2,1,1,0,2,0,0,0,0,0,0,0,0,0,2,0,2,0,1,7,15,8,13,6,267,49,316
YUKSI,metastasis,62,M,0,0,0,0,0,0,1,0,0,NA,NA,"R,0",0,0,0,0,1,0,0,1,0,0,2,2,0,2,5,3,2,1,0,0,0,0,2,0,0,0,1,0,1,1,2,0,0,25,4,12,58,96,20,53,0,23,5,14,78,203,95,52,0,0,0,4,0,3,0,0,0,0,2,0,1,0,0,0,0,0,0,2,3,0,0,1,4,1,2,6,1,5,2,0,0,0,6,0,0,0,0,0,0,0,6,1,0,1,1,0,15,27,10,16,10,738,78,816
YULAD,primary,63,M,0,0,0,0,0,0,1,1,0,NA,NA,"R,r",0,0,0,1,0,0,0,0,0,0,0,2,0,3,1,1,0,0,0,0,0,0,2,0,0,3,0,0,0,0,1,0,1,7,4,3,13,27,7,13,2,9,4,3,33,98,40,25,0,0,0,0,0,0,0,0,0,0,3,0,1,0,0,2,3,0,0,2,1,3,1,2,1,1,1,1,1,2,1,0,0,0,1,1,0,0,1,0,0,1,2,0,1,1,0,0,8,20,6,8,6,289,48,337
YULAN,metastasis,76,M,0,0,0,0,1,0,0,0,0,NA,NA,"R,0",2,3,0,1,3,4,1,9,0,2,0,1,1,9,2,6,0,2,1,1,0,0,2,3,0,1,1,0,2,3,0,1,3,82,3,18,279,334,88,325,2,71,1,57,450,794,477,291,3,3,4,3,1,4,4,8,1,2,2,3,2,6,1,6,1,2,2,6,2,3,1,13,1,1,1,10,4,8,7,4,2,3,2,0,2,3,5,5,2,2,4,5,2,7,4,4,52,66,53,44,17,3275,232,3507
YULAPE,metastasis,75,M,0,0,0,0,0,0,0,0,0,NA,NA,"0,0",0,1,0,0,0,0,2,3,0,0,0,0,1,4,2,2,0,0,1,1,1,0,2,1,0,1,0,0,0,2,1,1,0,21,1,3,53,59,26,51,0,15,2,3,59,186,72,59,0,1,1,4,0,0,2,2,0,0,1,1,1,2,0,5,0,1,3,2,0,4,2,2,2,1,0,4,4,4,1,2,1,2,1,0,0,1,3,2,0,0,0,0,0,0,0,1,11,32,20,15,11,610,89,699
YULAXER,metastasis,60,F,1,0,0,0,0,0,0,0,0,NA,NA,"r,0",1,0,0,0,0,0,0,0,1,1,0,0,0,1,0,0,0,0,0,0,1,1,0,0,0,0,0,0,0,0,0,0,1,5,0,1,11,9,4,13,0,2,1,1,6,17,7,6,0,0,2,0,0,0,0,0,1,0,0,0,0,0,0,0,1,1,0,0,0,1,0,0,0,0,1,0,0,2,0,0,0,0,1,0,0,0,0,0,0,0,0,0,0,0,0,0,1,6,3,4,2,84,16,100
YULETA,metastasis,69,M,1,0,0,0,1,0,0,0,0,NA,NA,"R,r",1,0,0,2,1,0,0,0,1,0,0,1,0,1,1,0,0,0,0,1,1,1,2,0,0,1,0,1,0,1,1,0,3,8,5,4,36,39,12,26,0,9,2,5,33,78,45,26,0,0,2,2,0,0,0,0,0,0,0,1,0,1,2,1,0,1,0,0,0,3,0,2,0,0,0,1,1,1,1,2,0,1,0,0,0,0,0,0,0,0,2,0,0,0,0,0,3,12,9,8,9,331,41,372
YULLON,metastasis,56,F,0,0,0,0,0,0,0,0,0,NA,NA,"0,0",3,1,0,1,5,1,0,0,0,1,0,0,1,0,0,1,0,0,0,1,0,1,0,0,0,0,0,0,0,1,0,0,1,6,5,3,17,26,10,20,0,7,0,3,37,71,57,34,2,1,1,3,0,0,0,0,1,0,2,0,0,0,2,0,1,1,2,0,1,0,0,4,1,0,0,9,1,0,1,0,0,0,2,0,0,0,1,2,0,0,0,0,0,0,0,0,5,21,12,14,3,297,55,352
YULOCUS,primary,92,M,1,0,0,0,0,0,0,0,0,NA,NA,"r,0",0,0,0,1,1,0,1,0,0,1,0,1,2,1,1,1,1,0,0,1,0,0,1,0,0,0,0,0,0,0,2,1,1,21,2,2,48,48,26,36,1,17,2,4,39,104,46,43,1,1,0,2,1,0,1,1,0,0,1,1,1,0,0,2,1,0,2,1,2,1,0,2,0,0,1,3,3,1,0,0,0,1,0,0,0,0,3,2,0,2,0,0,2,3,0,3,16,17,12,10,6,440,61,501
YULOMA,metastasis,62,M,1,0,0,0,1,0,0,0,0,NA,NA,"R,r",0,0,0,0,0,1,0,0,0,0,0,0,0,1,0,0,0,0,1,0,0,0,0,0,0,0,0,0,0,0,0,0,0,1,3,0,6,6,1,3,0,0,1,4,4,13,10,4,0,1,0,0,0,0,0,1,0,0,0,0,0,0,0,0,0,0,1,0,0,0,0,0,0,1,0,1,0,0,3,0,0,0,0,0,0,1,0,0,0,0,0,0,0,0,0,0,1,6,2,2,1,56,12,68
YULONE,metastasis,79,F,1,0,0,0,0,0,0,0,0,NA,NA,"r,0",0,1,0,1,1,2,1,2,0,1,0,2,1,2,0,0,1,0,0,0,0,1,0,4,0,0,2,0,0,0,3,2,0,17,2,9,51,79,27,64,1,18,3,6,55,166,72,52,0,2,0,9,3,0,2,1,0,0,3,1,1,3,1,2,1,4,1,2,0,2,1,6,0,0,1,7,3,5,3,3,0,0,1,1,1,0,2,2,0,0,0,0,0,2,0,0,9,39,28,14,13,622,103,725
YULYO,metastasis,71,M,0,0,0,0,0,0,1,0,0,NA,NA,"R,0",1,0,0,0,0,0,0,0,0,0,0,0,0,0,0,0,0,0,0,0,0,0,0,0,0,0,0,0,0,0,0,0,0,0,0,0,0,0,0,0,0,0,0,0,0,0,0,0,0,0,0,0,0,0,0,0,0,0,0,0,0,0,0,0,0,0,0,0,0,0,0,0,0,0,0,0,0,0,0,0,0,0,0,0,0,0,0,0,0,0,0,0,0,0,0,0,0,0,0,1,0,0,1,1
YUMAR,metastasis,74,F,1,0,0,0,0,0,0,0,0,NA,NA,"r,0",0,0,0,0,0,0,0,0,0,0,0,0,0,0,0,0,0,0,0,0,0,0,0,0,0,0,0,0,1,0,0,0,0,0,0,2,1,3,2,3,0,0,0,0,3,2,5,4,0,0,0,0,0,0,0,0,0,0,0,0,0,0,0,1,0,0,0,0,0,0,0,0,0,0,0,0,0,1,0,0,0,0,0,0,0,0,0,0,0,0,1,0,1,0,0,0,2,1,1,0,1,25,5,30
YUMER,metastasis,94,M,0,0,0,0,1,0,0,0,0,NA,NA,"R,0",3,3,4,1,5,7,3,6,3,0,0,1,3,8,4,6,0,0,2,1,1,2,3,0,1,0,1,0,0,3,4,1,3,46,5,12,134,181,38,119,4,27,6,19,134,375,159,123,0,3,2,7,0,2,2,2,1,2,2,2,2,2,1,6,2,5,4,2,2,3,4,11,0,1,3,28,5,5,4,3,2,3,5,2,0,0,1,3,2,1,6,3,1,2,2,2,35,82,36,57,19,1385,229,1614
YUMEZ,metastasis,56,M,0,0,0,0,1,0,0,0,0,NA,NA,"R,0",2,1,0,0,2,0,0,1,1,1,1,0,0,0,0,0,1,1,0,1,1,0,0,1,0,1,0,1,0,1,1,2,4,1,15,4,1,2,9,4,5,2,7,3,2,4,11,2,0,1,1,1,0,0,1,0,0,0,0,0,0,1,0,1,2,1,0,1,1,1,0,0,2,1,1,3,0,1,1,1,0,0,1,0,0,0,0,0,0,0,0,0,0,0,0,0,1,16,6,9,11,76,43,119
YUMILAN,metastasis,65,M,0,0,0,0,1,0,0,0,0,NA,NA,"R,0",0,0,2,1,2,0,1,0,1,0,1,0,0,0,0,0,1,0,0,0,0,0,1,0,0,0,0,0,0,1,0,0,0,3,0,2,6,14,6,6,0,4,0,2,13,30,13,6,0,1,1,0,0,0,0,0,0,0,1,0,0,0,0,0,1,0,0,0,0,0,0,0,0,1,0,1,0,1,0,0,0,0,0,0,0,0,0,0,0,0,0,2,0,0,0,0,2,4,3,8,3,105,20,125
YUMOBER,metastasis,53,M,0,0,0,1,0,0,1,0,0,NA,NA,"R,R",0,1,1,0,5,2,0,6,1,0,0,1,0,3,1,3,2,1,0,2,0,2,1,3,1,1,0,0,0,2,1,3,4,22,4,7,45,91,31,37,0,31,3,13,56,189,73,49,2,2,2,2,0,2,2,2,1,2,1,3,0,5,1,6,2,1,2,3,4,1,5,8,1,1,0,4,5,3,3,2,1,1,1,0,0,1,1,5,0,0,3,0,0,3,1,2,19,45,33,24,19,655,140,795
YUMOKI,metastasis,65,M,1,0,0,0,0,0,0,0,0,V122M,NA,"r,r",0,2,1,0,2,1,1,0,0,2,0,0,2,3,0,1,0,0,0,0,2,0,0,1,0,1,2,0,0,1,0,1,1,12,1,1,41,35,15,27,0,13,1,8,44,110,55,40,1,1,1,6,0,0,0,2,1,1,2,0,1,3,1,3,0,0,3,2,2,1,1,2,1,0,0,1,1,4,1,0,0,1,1,0,0,1,1,1,0,0,0,1,0,0,1,1,8,19,23,15,8,404,73,477
YUMOOK,primary,75,F,0,0,1,0,1,0,0,0,0,I168M,NA,"R,R",0,0,0,0,2,0,0,3,0,1,1,0,1,1,0,3,0,0,1,1,0,1,0,0,0,0,1,0,0,1,2,0,0,4,1,4,22,32,7,26,0,9,1,6,20,74,42,16,2,1,0,0,0,0,0,0,0,2,2,0,0,0,1,0,0,2,1,0,1,0,0,0,1,0,0,3,0,0,1,1,0,1,1,0,0,0,0,1,0,0,1,0,1,0,0,0,5,10,8,12,7,264,42,306
YUMOYA,primary,58,M,0,0,0,0,0,0,0,1,0,NA,NA,"r,0",0,0,0,0,1,1,0,0,0,0,1,0,2,0,0,0,0,1,0,0,0,0,0,0,0,0,0,0,1,0,0,0,0,1,0,1,4,10,4,8,0,3,0,1,5,14,8,7,0,0,0,0,0,0,0,0,0,0,1,0,0,0,0,0,1,0,1,0,0,0,0,0,0,0,0,5,0,0,0,0,0,0,0,0,0,0,0,0,0,0,1,0,0,0,0,0,1,7,1,5,2,66,16,82
YUMUL,metastasis,57,M,0,1,0,0,0,1,0,0,0,NA,NA,"R,R",0,0,0,1,4,3,1,1,1,0,1,0,0,6,0,1,0,0,0,0,0,1,0,0,0,0,0,0,0,1,0,0,0,9,1,6,36,43,17,31,0,10,2,10,33,111,36,39,0,0,1,0,2,2,0,0,2,1,1,0,1,0,0,0,0,1,1,3,3,0,2,2,1,2,1,8,1,0,1,3,0,1,1,0,0,0,0,0,0,0,0,0,0,0,1,0,3,29,10,19,2,384,63,447
YUMUT,metastasis,44,M,0,0,0,0,0,0,0,0,0,NA,NA,"0,0",0,0,0,0,1,1,0,0,2,1,0,0,0,0,0,1,0,0,0,0,0,0,0,0,0,0,0,0,1,0,0,0,2,0,0,0,4,5,1,2,1,2,0,0,3,16,2,4,0,0,0,0,0,0,0,0,0,0,1,0,0,0,0,0,0,0,0,0,0,0,0,0,0,0,0,0,0,0,0,0,0,1,0,0,0,1,0,3,0,0,0,0,0,0,0,0,5,0,1,6,1,42,13,55
YUNACK,primary,59,F,0,0,0,0,0,0,0,0,0,NA,NA,"0,0",1,0,0,0,9,0,1,0,1,0,1,1,0,0,0,0,1,0,0,0,0,0,0,0,0,0,0,0,0,0,0,2,0,5,0,3,12,15,6,15,1,0,1,1,27,42,25,18,1,0,0,1,0,1,0,0,0,0,1,1,0,1,0,2,0,0,0,0,1,3,0,1,0,1,0,1,1,0,0,0,0,0,0,0,0,0,1,0,0,0,0,0,0,1,0,0,2,8,8,14,3,171,35,206
YUNEKI,primary,80,M,1,0,1,0,0,0,0,0,0,NA,NA,"r,r",0,0,1,0,5,5,0,3,0,1,2,2,1,4,0,1,2,1,0,0,0,0,1,1,0,1,0,0,1,1,0,1,4,23,4,7,61,98,30,60,5,33,4,10,63,198,98,54,1,0,2,2,0,1,2,2,1,0,1,1,2,1,0,2,1,2,1,1,2,2,3,3,5,2,1,8,2,2,0,1,0,1,5,0,0,0,5,2,0,0,5,1,1,1,0,3,24,36,18,25,9,752,112,864
YUNEXUS,metastasis,52,M,1,0,0,0,0,0,0,0,0,NA,NA,"r,0",0,0,0,0,0,0,0,0,0,0,0,0,0,1,0,0,0,0,0,0,0,0,0,0,0,0,0,0,0,0,0,0,0,7,2,2,14,12,4,11,0,7,2,0,7,25,17,5,0,1,0,0,0,0,1,0,0,0,1,0,0,0,0,1,0,0,1,0,0,0,0,0,0,2,1,0,0,0,1,0,0,0,0,0,0,0,0,0,0,0,1,0,0,0,1,1,3,5,4,1,0,115,13,128
YUNIBO,primary,82,M,0,0,0,0,0,1,0,1,0,NA,NA,"R,r",0,0,0,0,1,3,0,0,0,0,0,0,0,1,1,0,0,1,1,0,0,0,0,0,0,0,0,1,0,1,0,1,0,1,1,2,16,25,10,14,1,6,4,2,27,40,18,11,0,0,0,3,0,0,1,0,0,0,0,0,1,1,0,0,0,0,0,0,0,1,0,0,0,0,2,4,0,0,0,1,0,0,3,0,0,0,0,1,0,0,1,0,0,0,0,1,6,8,6,6,5,178,31,209
YUNUFF,metastasis,59,F,0,0,0,0,0,0,0,0,0,NA,NA,"0,0",0,2,0,1,1,0,2,0,0,0,0,0,0,0,0,1,0,0,0,0,0,0,0,0,0,1,0,0,0,0,0,2,0,3,2,0,3,8,3,1,0,0,0,2,5,19,14,6,0,0,0,0,0,0,0,0,0,0,1,0,0,0,0,1,1,0,0,0,0,1,0,0,0,1,0,0,0,0,1,1,0,0,0,0,0,0,1,0,0,0,0,0,0,0,0,0,1,5,2,7,3,66,18,84
YUOMEGA,metastasis,72,F,0,0,0,0,0,0,1,0,0,NA,NA,"R,0",2,2,0,0,5,0,2,1,1,1,0,1,1,9,0,2,0,0,0,0,1,0,0,1,0,0,1,1,0,2,2,0,3,30,6,12,86,120,32,91,1,33,4,16,173,395,154,91,1,1,0,1,0,1,1,2,3,1,4,2,1,2,1,8,0,0,4,3,2,4,2,9,1,2,1,17,3,2,7,5,0,0,2,0,0,1,1,3,0,1,2,0,0,1,2,0,13,62,29,27,8,1247,139,1386
YUOTHO,primary,87,F,0,0,0,0,0,0,0,0,0,NA,NA,"0,0",6,2,0,0,5,1,1,1,4,3,0,1,1,0,0,8,0,2,0,3,3,0,0,2,0,1,1,2,0,0,0,0,2,46,4,12,162,215,52,176,3,69,0,42,308,633,251,153,2,2,3,5,0,1,4,1,2,0,3,2,1,6,2,3,2,2,3,4,2,5,2,1,2,2,1,8,1,3,2,2,0,1,1,0,0,7,3,4,1,0,2,0,1,3,2,1,26,42,37,33,14,2128,152,2280
YUPAER,metastasis,70,F,0,0,0,0,1,0,0,0,0,NA,NA,"R,0",0,0,0,1,2,1,0,2,0,0,1,1,5,5,0,1,0,2,1,1,0,0,1,0,0,0,2,0,0,0,0,1,1,32,0,11,84,119,56,117,5,26,3,11,90,300,121,89,2,1,3,1,2,1,1,1,0,1,2,0,2,0,2,0,0,2,2,1,2,3,3,7,1,0,0,10,4,1,2,2,0,1,0,0,0,0,1,1,0,0,2,0,1,1,2,1,10,40,19,19,8,1065,96,1161
YUPAT,metastasis,52,M,0,0,0,0,1,0,0,0,0,NA,NA,"R,0",1,0,1,2,1,1,0,3,1,0,1,3,6,7,1,4,1,0,1,2,2,2,5,1,2,2,1,0,1,4,0,3,8,49,6,13,131,185,67,135,1,53,3,23,136,453,165,131,2,3,2,14,1,1,2,3,2,2,4,4,3,3,1,8,1,2,5,5,3,5,2,8,1,1,3,30,10,4,7,5,1,1,2,1,2,0,3,2,1,0,7,2,1,2,1,3,29,92,55,32,27,1559,235,1794
YUPEET,primary,54,M,0,0,0,0,0,0,0,0,1,NA,NA,"R,0",0,0,0,1,2,0,0,1,0,1,0,0,1,2,0,0,1,0,0,0,0,0,0,0,0,0,0,0,0,1,0,1,0,15,0,2,19,36,20,33,0,20,0,7,20,81,34,22,0,0,2,0,0,0,0,1,0,0,2,0,0,0,0,3,0,0,0,2,0,0,0,0,0,0,1,5,1,0,5,1,0,2,0,0,0,1,1,2,0,0,0,0,0,0,0,0,6,15,8,8,3,309,40,349
YUPER,metastasis,63,M,0,0,0,0,0,0,0,0,1,NA,NA,"R,0",0,0,0,0,0,1,0,0,0,0,0,0,0,0,0,0,0,0,0,0,1,0,1,0,0,0,0,0,0,0,0,0,0,4,0,0,11,4,2,3,1,1,0,3,5,14,15,8,0,0,0,0,0,0,0,0,0,0,1,0,0,1,0,0,0,0,0,0,0,0,0,0,0,0,0,1,0,0,0,0,0,0,0,0,0,0,0,0,0,0,0,0,0,0,0,0,0,1,2,1,2,71,6,77
YUPLA,metastasis,69,M,0,0,1,0,0,0,0,0,0,NA,NA,"r,0",1,0,0,0,0,0,0,1,0,0,1,0,0,1,0,0,0,0,0,1,0,0,0,0,0,0,0,0,0,0,1,1,0,4,0,0,8,17,12,4,0,5,0,2,34,58,20,14,0,0,0,2,0,0,2,1,0,0,0,0,0,0,0,0,1,0,0,0,0,1,0,3,0,0,0,2,1,0,1,0,0,0,0,0,0,0,0,0,0,0,1,0,0,0,0,0,1,9,5,4,3,178,22,200
YUPORCH,metastasis,75,F,0,0,0,0,0,0,0,0,0,NA,NA,"0,0",1,0,0,0,3,0,0,1,2,0,0,0,0,1,1,0,1,0,0,0,0,0,0,0,0,0,0,0,0,0,0,1,3,0,6,0,0,1,6,2,2,1,4,0,1,2,2,1,0,0,0,0,0,0,1,1,0,1,0,0,0,0,0,0,1,0,0,0,0,0,0,1,0,0,1,1,0,1,0,0,0,0,0,0,0,0,1,0,0,0,0,0,0,0,0,0,1,5,3,9,2,31,20,51
YUPRO,primary,86,F,1,0,0,0,0,0,0,0,0,A149T,NA,"R,r",0,0,1,0,0,0,0,3,0,0,0,0,0,1,0,1,0,0,0,0,0,0,0,0,0,1,0,0,0,0,0,1,0,10,2,5,17,22,10,26,0,7,0,9,27,55,36,29,0,0,0,5,1,1,0,0,0,1,1,2,0,2,0,1,0,0,0,1,0,0,1,2,0,0,0,3,1,2,1,2,0,0,0,0,0,0,0,0,0,0,0,1,0,0,0,1,2,13,14,6,2,255,37,292
YUPROST,primary,86,F,0,0,0,0,0,0,0,0,1,NA,NA,"R,0",2,1,2,0,5,2,2,3,2,4,0,3,1,14,3,6,3,1,2,3,0,2,3,4,0,1,0,1,3,4,1,4,4,40,5,17,108,158,52,120,6,42,4,22,144,385,172,109,2,1,7,9,0,0,4,1,2,3,1,3,3,3,4,14,1,1,7,5,3,4,10,11,7,3,3,24,8,7,12,7,4,3,1,2,2,3,2,7,0,2,9,2,1,4,6,4,52,113,57,50,32,1388,304,1692
YUPTER,primary,87,F,0,0,1,0,0,0,0,0,0,NA,NA,"r,0",1,0,0,0,2,0,0,1,0,0,0,0,1,2,0,1,0,0,0,0,0,1,0,1,0,0,1,1,0,2,0,2,0,2,0,4,23,28,7,29,0,12,1,4,43,88,38,21,1,0,0,0,0,1,0,0,0,1,2,0,0,1,0,1,0,0,2,0,0,0,1,1,0,0,1,2,1,2,2,0,0,0,0,0,0,0,1,0,0,0,3,0,0,0,0,0,4,12,7,8,8,300,39,339
YUQUEST,primary,75,M,1,0,0,0,1,0,0,0,0,NA,NA,"R,r",0,0,1,0,3,1,1,1,1,0,1,0,1,4,2,0,0,1,0,1,0,1,1,0,1,0,0,0,1,0,1,0,2,19,2,3,39,69,23,44,0,13,5,11,54,153,64,43,0,0,1,4,0,3,1,3,0,0,0,0,1,2,0,5,1,0,1,0,2,2,1,3,1,0,1,9,1,3,1,3,0,0,0,0,0,2,0,0,0,0,0,0,0,2,0,2,6,29,20,16,7,544,78,622
YURAY,metastasis,84,M,0,0,0,0,0,0,0,0,0,NA,NA,"0,0",3,0,0,2,3,1,2,4,2,0,0,0,2,3,1,3,0,0,0,0,0,1,0,1,0,1,0,1,3,3,0,7,2,30,3,19,119,208,53,164,1,32,1,33,249,456,218,153,0,3,3,7,3,6,5,9,2,3,2,6,3,8,3,40,0,1,2,5,4,1,2,13,1,1,0,12,9,5,3,12,0,1,6,1,1,5,7,13,0,1,11,2,3,8,6,10,75,71,103,26,17,1741,292,2033
YURDE,metastasis,55,M,1,0,0,0,0,0,1,0,0,NA,NA,"R,r",0,1,0,0,1,1,0,7,1,2,0,0,1,0,0,4,1,0,0,0,1,0,0,1,1,0,0,0,0,1,0,1,1,6,5,3,24,20,14,26,0,6,1,3,13,65,22,25,0,0,0,1,3,1,1,2,0,0,3,1,0,1,0,0,2,2,2,1,1,0,3,0,1,1,0,5,1,2,1,0,0,0,0,0,1,2,1,0,0,0,0,0,0,0,2,0,6,22,13,18,6,234,65,299
YURED,metastasis,67,F,0,0,1,0,0,0,0,0,0,NA,NA,"r,0",1,1,0,0,5,2,2,1,1,1,0,0,1,2,0,0,0,0,0,0,0,0,0,1,0,0,1,0,0,0,1,2,1,14,1,1,25,34,12,31,1,6,1,7,64,131,51,49,1,2,1,1,0,4,0,0,0,2,1,0,0,1,0,3,0,0,1,2,2,1,1,2,1,0,0,7,1,1,1,3,0,1,0,1,0,0,2,1,0,0,0,1,0,2,1,2,11,23,16,17,5,429,72,501
YURIDA,metastasis,61,M,0,0,0,0,0,0,0,0,1,NA,NA,"R,0",0,0,0,1,1,0,0,0,0,1,0,0,3,1,0,0,0,0,0,0,0,0,0,0,0,1,0,0,0,0,0,0,0,9,1,1,19,23,7,17,0,7,0,8,23,64,18,22,2,1,0,4,0,0,0,2,0,0,0,0,0,0,0,0,0,0,0,1,0,0,0,3,0,0,1,3,0,0,3,0,0,0,0,0,0,0,1,1,0,0,0,0,0,0,0,0,2,11,9,7,1,219,30,249
YURIF,metastasis,53,M,0,0,0,0,0,0,0,0,0,NA,NA,"0,0",0,0,0,1,1,0,1,2,0,0,0,0,5,4,0,0,0,0,0,1,0,0,1,1,0,1,0,0,0,1,0,1,1,16,3,1,38,59,18,31,0,12,1,15,44,151,80,35,0,0,0,2,0,2,0,1,1,1,2,2,0,3,0,1,1,1,0,0,0,1,0,1,1,0,0,2,1,0,0,0,0,0,0,1,0,0,0,0,0,0,0,0,0,0,0,1,2,8,15,14,6,505,45,550
YURISA,metastasis,65,M,1,0,0,0,0,0,0,0,0,NA,NA,"r,0",2,0,0,1,1,0,1,1,1,0,0,0,0,1,0,0,0,0,1,0,0,0,1,0,0,0,0,0,0,0,0,2,0,4,1,4,13,29,6,18,0,3,3,6,15,49,20,12,0,1,0,1,1,1,0,0,1,0,1,0,0,2,0,0,0,1,0,0,1,0,0,0,0,0,1,3,1,0,1,0,0,0,1,0,0,1,1,1,0,0,2,0,0,0,0,0,6,8,8,8,4,183,34,217
YURKEN,metastasis,52,F,1,0,0,0,0,0,0,0,0,NA,NA,"r,0",0,0,0,0,1,0,0,0,0,0,0,0,0,1,0,0,0,0,0,0,0,2,0,0,0,0,0,0,0,2,0,2,0,2,0,1,2,5,4,0,0,1,1,2,8,16,5,4,0,0,0,0,0,0,0,0,0,1,1,0,0,0,0,1,0,0,0,1,0,0,0,0,0,0,0,2,0,0,0,1,0,0,0,0,0,0,0,0,0,0,0,0,0,0,0,1,1,4,3,2,6,51,16,67
YUROC,metastasis,50,M,0,0,0,0,0,0,0,0,0,NA,NA,"0,0",0,0,0,0,2,1,1,4,2,1,0,0,1,3,1,1,0,1,0,1,1,0,0,0,1,0,1,0,0,0,1,3,17,46,4,24,61,117,22,70,5,24,3,14,63,166,67,63,2,3,1,1,0,0,0,1,0,0,0,0,0,0,0,3,2,1,1,1,3,2,1,3,1,1,1,2,1,2,1,2,1,1,3,0,1,0,0,0,0,0,2,0,0,1,0,2,11,25,11,17,9,766,73,839
YUROG,metastasis,58,M,1,0,0,0,0,0,0,0,0,NA,NA,"r,0",0,0,0,0,3,1,4,7,0,1,0,2,3,4,0,2,2,1,0,1,0,1,4,2,1,2,0,0,1,4,0,0,1,23,0,7,67,103,35,82,1,23,5,9,72,170,77,63,0,3,1,0,0,4,2,2,0,2,0,1,0,2,1,4,2,0,1,0,0,1,3,3,1,0,2,7,2,3,2,3,0,1,0,1,1,0,1,1,0,1,0,1,0,2,1,3,13,30,22,27,19,738,111,849
YUROL,metastasis,85,M,0,0,0,0,0,0,0,1,0,NA,NA,"r,0",1,0,1,0,1,1,0,0,0,0,1,2,1,2,0,3,0,0,0,0,0,0,0,1,0,0,0,0,1,0,0,2,0,9,4,3,28,31,26,31,0,10,2,6,28,82,30,25,0,0,0,1,0,0,0,0,0,0,1,2,0,0,1,2,0,1,0,1,0,2,0,0,1,0,1,4,0,0,0,0,0,1,0,0,1,0,0,2,0,0,0,0,0,0,0,1,5,10,7,13,4,315,39,354
YUROS,metastasis,93,F,0,0,1,0,0,0,0,0,0,NA,NA,"r,0",2,1,1,1,0,1,0,0,0,2,0,0,1,0,0,1,0,1,0,0,1,0,1,0,0,0,0,1,1,0,0,1,0,6,0,1,13,19,11,18,1,4,1,2,14,37,9,7,0,1,0,2,1,0,0,2,0,0,0,1,0,0,0,0,0,0,0,1,2,0,0,1,0,0,0,0,0,1,1,0,0,0,0,1,0,0,0,1,0,0,1,0,0,0,0,0,3,6,7,10,6,143,32,175
YURTHE,metastasis,81,F,0,0,0,0,1,0,0,0,0,R223W,NA,"R,r",1,1,0,1,6,2,2,2,3,0,0,0,2,4,2,2,1,1,1,2,2,1,2,0,0,0,0,1,1,2,0,0,2,20,4,8,105,136,47,94,3,26,2,17,120,308,114,96,2,0,4,7,0,0,0,1,0,1,3,2,2,5,2,0,1,2,2,5,4,1,2,4,0,0,3,19,5,2,4,2,1,0,1,0,1,1,1,2,1,1,1,1,2,2,0,1,16,56,29,28,14,1102,143,1245
YURUS,primary,90,M,1,0,0,0,0,0,0,0,1,NA,NA,"R,r",0,1,0,0,1,2,1,2,1,0,0,0,0,2,2,0,0,1,1,0,0,0,0,0,0,0,1,0,1,2,0,1,2,40,1,11,105,99,32,84,3,36,2,23,184,415,166,104,4,3,4,6,1,3,0,4,4,1,3,0,1,4,1,10,2,0,5,3,1,0,2,6,1,1,3,7,1,5,2,9,1,4,1,2,0,0,2,2,0,1,1,4,2,1,1,4,26,48,49,12,7,1307,142,1449
YUSARI,metastasis,49,M,1,0,0,0,0,0,0,0,0,NA,NA,"r,0",0,1,0,0,0,0,2,1,0,1,0,0,0,0,0,0,0,0,0,0,1,0,0,0,1,0,0,0,0,0,0,1,1,1,2,2,7,4,1,2,0,0,1,0,6,7,4,1,0,0,0,0,0,0,0,0,0,0,1,0,0,0,0,0,0,1,0,0,0,0,0,0,0,0,0,3,0,1,1,0,0,0,0,0,0,0,2,0,0,0,0,0,0,0,0,0,2,6,1,5,3,39,17,56
YUSCA,metastasis,84,F,0,0,1,0,0,0,0,0,0,NA,NA,"r,0",1,1,0,1,5,2,2,4,0,1,3,1,2,4,1,1,0,1,1,1,1,1,0,1,0,0,0,0,1,1,1,1,0,23,3,6,66,96,37,68,3,25,1,9,69,178,88,39,2,2,0,1,1,3,3,1,1,1,1,0,1,1,4,4,3,0,2,4,1,3,3,7,1,1,1,10,3,4,2,3,0,2,1,1,0,0,0,0,0,1,1,3,0,2,1,1,13,48,26,29,10,711,126,837
YUSCO,primary,65,F,0,0,0,0,0,0,0,0,0,NA,NA,"0,0",0,0,0,0,1,0,0,0,0,0,0,1,1,0,0,3,0,1,0,0,0,0,1,0,0,0,0,0,1,0,1,0,0,14,3,1,24,33,14,24,0,7,0,7,21,69,22,37,0,1,0,2,1,1,1,2,1,1,1,1,0,0,0,2,0,0,1,0,0,0,1,0,0,0,0,1,0,0,1,2,0,0,0,0,0,0,0,0,1,0,0,1,1,0,0,0,3,6,14,6,4,276,33,309
YUSEL,metastasis,53,M,1,0,0,0,0,0,0,0,0,NA,NA,"r,0",0,0,0,1,2,0,0,0,0,0,0,1,0,4,0,0,0,1,0,0,0,0,0,1,0,0,0,0,0,1,0,2,0,3,2,1,12,19,6,24,0,4,0,5,22,44,21,10,0,0,1,1,0,0,0,1,1,0,3,0,1,0,0,3,0,0,0,1,1,1,0,0,0,0,0,3,0,0,0,2,1,0,0,0,0,0,0,0,0,0,2,1,0,0,0,1,5,8,11,8,5,173,37,210
YUSIM,metastasis,52,M,0,0,0,0,1,0,0,0,0,NA,NA,"R,0",0,0,0,0,0,1,0,0,0,0,0,0,1,0,0,1,0,0,0,0,0,0,0,0,0,0,0,0,0,1,0,0,0,4,2,2,10,13,3,5,0,2,0,2,11,12,9,6,0,0,0,0,0,1,0,0,0,0,1,0,0,2,0,0,0,0,0,0,0,0,1,0,2,0,0,0,0,0,0,0,0,0,0,0,0,0,0,0,0,0,0,0,0,0,0,0,0,3,4,3,1,81,11,92
YUSIPU,metastasis,65,M,1,0,0,0,0,0,0,0,0,NA,NA,"r,0",0,0,0,0,0,0,0,0,0,0,0,0,0,0,0,0,0,3,0,0,0,1,0,0,0,0,0,0,0,1,0,0,2,3,0,2,17,20,4,14,1,4,0,4,13,35,5,14,0,0,0,0,0,0,0,0,2,0,1,1,0,0,0,0,1,0,0,0,0,0,0,1,0,0,0,4,0,0,0,0,0,0,0,0,0,0,0,1,0,0,1,0,0,0,1,1,4,6,4,0,5,138,19,157
YUSIV,metastasis,61,F,1,0,0,0,0,0,0,0,0,NA,NA,"r,0",0,0,0,0,2,1,2,0,0,0,0,1,0,2,0,0,0,0,1,0,0,0,1,0,0,0,0,2,1,0,0,1,1,4,2,4,14,31,23,18,1,9,2,4,42,96,47,25,0,1,0,0,0,0,1,0,0,1,0,0,0,0,0,0,1,0,0,0,0,0,0,1,0,2,0,1,0,1,0,2,0,0,0,1,0,0,0,0,0,0,0,0,0,0,0,0,1,8,3,8,6,323,26,349
YUSMI,metastasis,81,F,0,0,0,0,0,0,0,0,0,S83P,NA,"R,0",2,0,0,0,2,2,2,1,0,1,0,1,2,3,0,2,0,1,1,0,0,0,0,1,0,2,0,0,0,3,0,0,0,7,1,1,29,50,19,31,2,10,1,7,39,102,40,29,3,0,1,2,0,1,1,0,1,0,0,1,0,1,0,1,0,0,1,0,0,0,3,1,0,0,0,1,0,2,2,1,1,0,0,1,0,0,0,1,0,0,0,0,3,0,1,1,8,11,12,18,8,368,57,425
YUSPO,metastasis,88,F,0,0,0,0,0,0,0,0,0,NA,NA,"0,0",1,0,0,0,1,1,0,0,0,0,0,1,2,0,0,1,0,1,0,0,0,0,0,0,0,1,0,0,0,0,0,1,0,0,2,0,1,2,2,3,0,0,0,2,1,1,2,1,0,0,0,1,0,1,0,1,0,0,0,0,1,0,0,0,1,0,0,2,0,0,3,1,0,0,0,0,0,1,0,0,0,0,0,0,0,0,0,1,0,0,0,0,0,0,0,0,1,8,4,7,3,17,23,40
YUSUBA,metastasis,37,F,0,0,0,0,0,0,0,0,0,NA,NA,"0,0",0,0,0,0,1,0,0,1,0,0,0,0,0,0,0,0,0,0,0,1,0,1,0,0,0,0,0,0,0,0,0,1,0,5,1,2,14,17,9,16,0,8,3,3,22,42,24,17,0,0,0,0,0,0,0,1,0,0,1,0,0,1,1,1,0,0,0,1,0,1,0,1,1,0,0,1,1,1,2,0,0,1,0,0,0,0,1,2,0,0,1,0,0,0,0,0,5,9,5,2,3,183,24,207
YUSWI,metastasis,57,M,0,0,0,0,0,0,1,0,0,NA,NA,"R,0",0,3,0,1,2,3,1,3,0,0,0,2,0,1,0,2,1,0,1,1,0,0,1,0,0,0,1,1,0,2,0,3,2,24,5,5,47,55,22,49,1,24,2,14,54,137,75,47,0,0,1,2,2,0,1,2,0,0,3,2,1,0,0,3,0,0,0,1,2,1,3,1,0,1,0,5,1,1,1,1,0,0,2,0,0,1,1,5,0,0,1,1,0,1,0,1,13,18,17,18,11,563,77,640
YUTEPA,primary,56,M,0,0,0,0,0,0,0,0,0,NA,NA,"0,0",0,0,0,1,2,0,0,3,0,0,0,0,0,4,1,0,0,0,2,0,0,1,0,0,0,1,0,0,1,1,0,0,1,9,2,3,24,42,14,15,1,7,0,4,42,97,56,24,0,0,1,0,1,1,3,2,0,0,1,1,0,0,0,0,0,0,1,1,0,0,3,1,3,0,0,1,1,0,2,0,0,2,0,1,1,0,0,0,0,0,0,0,0,0,1,0,5,13,10,11,6,341,45,386
YUTRAIN,metastasis,86,F,0,0,0,1,0,0,1,0,0,NA,NA,"R,R",0,0,0,0,1,0,1,0,0,0,0,0,1,0,0,0,1,1,1,0,0,0,0,0,0,0,0,0,0,0,1,0,0,7,0,0,22,21,8,10,0,5,2,3,28,58,35,13,0,0,1,0,0,0,1,1,0,0,0,0,0,0,0,0,1,0,3,2,0,1,0,0,2,0,0,0,2,0,1,0,0,0,0,0,0,0,1,0,0,0,1,0,0,0,0,1,3,12,3,3,4,212,25,237
YUTUCO,metastasis,54,M,1,0,0,0,1,0,0,0,0,NA,NA,"R,r",0,1,0,0,1,1,0,0,0,0,0,0,0,0,0,0,0,0,0,0,1,0,0,0,0,0,0,0,0,0,0,3,1,7,0,1,22,27,8,14,0,7,2,4,19,56,32,10,0,0,0,0,0,0,0,1,0,0,1,0,1,0,0,1,0,0,0,1,0,1,1,0,0,0,1,0,1,1,0,0,0,0,0,0,0,0,0,1,0,0,0,0,0,0,0,0,1,6,4,3,4,210,18,228
YUTUR,metastasis,62,M,0,0,0,0,0,0,0,0,0,NA,NA,"0,0",0,2,1,0,0,2,0,0,1,1,0,0,2,0,0,1,0,0,0,0,0,0,0,1,0,0,0,0,0,1,0,0,1,4,2,1,12,20,8,12,0,2,0,8,15,38,22,17,1,0,1,1,0,1,0,1,0,0,0,0,0,0,0,0,0,0,1,1,0,0,0,1,1,0,0,2,0,1,1,0,0,0,0,0,0,0,0,0,0,1,0,0,0,0,1,0,2,8,5,10,2,162,27,189
YUVAIL,primary,62,F,0,0,0,0,0,0,0,0,0,NA,NA,"0,0",0,0,0,0,0,0,0,1,0,0,0,0,0,1,0,2,0,1,0,0,0,1,2,0,0,0,0,0,1,0,0,0,1,6,0,3,21,22,10,15,1,4,0,3,28,56,27,13,0,0,1,2,0,1,0,1,0,0,1,1,0,2,0,1,0,2,0,0,0,0,0,0,0,1,0,3,0,1,0,0,0,0,0,0,0,1,0,2,0,0,0,1,0,2,1,3,10,7,10,4,5,210,36,246
YUVEME,metastasis,78,M,0,0,1,0,1,0,0,0,0,NA,NA,"R,r",0,0,0,0,0,1,0,0,0,0,0,0,1,0,0,1,0,0,0,0,0,0,0,0,0,0,0,0,0,0,0,1,0,5,1,0,17,25,13,19,0,7,1,2,14,63,32,17,0,0,1,0,0,0,1,3,1,0,0,0,0,1,1,1,0,1,0,2,1,0,1,1,0,0,0,1,2,1,0,1,0,0,1,0,0,0,0,1,0,0,0,1,0,1,0,0,4,11,9,3,1,216,28,244
YUWAGE,primary,86,M,1,0,0,0,0,0,0,0,0,NA,NA,"r,0",0,0,0,0,0,0,0,0,0,0,0,0,0,0,0,0,0,0,0,0,0,0,0,0,0,0,0,0,0,0,0,0,1,3,1,0,4,1,1,3,0,1,1,1,0,9,3,0,1,0,2,0,0,0,0,0,0,0,0,0,0,0,0,1,2,0,1,0,0,0,0,0,0,0,0,1,0,0,0,0,0,0,0,0,0,0,1,0,0,0,0,0,0,0,0,0,1,4,4,0,0,29,9,38
YUWALI,metastasis,41,M,0,0,0,0,1,0,0,0,0,NA,NA,"R,0",0,0,0,0,3,0,1,0,0,1,2,0,1,3,1,3,0,0,0,0,0,0,0,0,0,0,0,0,0,0,0,1,1,3,1,2,18,15,8,13,0,10,0,3,17,61,21,14,1,0,0,3,0,0,0,0,0,1,2,1,0,0,1,1,0,0,2,1,1,0,1,0,0,0,1,3,0,1,0,1,0,0,0,0,0,0,1,0,0,1,0,1,0,0,2,1,6,11,10,15,1,187,43,230
YUWAND,primary,78,M,0,0,0,0,1,0,0,0,0,NA,NA,"R,0",1,1,1,4,8,2,0,4,0,2,0,0,10,11,1,6,1,1,4,2,2,2,4,3,1,2,1,0,2,2,3,2,3,48,5,25,201,228,64,201,3,50,5,47,406,699,331,249,5,4,4,8,3,3,1,6,1,0,0,3,3,5,2,15,6,5,11,8,13,6,6,8,6,2,3,24,9,8,11,13,1,1,4,3,1,6,2,2,1,0,7,6,2,3,0,1,40,139,63,51,32,2565,325,2890
YUWAPO,metastasis,53,M,0,0,1,0,0,0,0,1,0,NA,NA,"r,r",0,0,0,0,0,0,0,1,0,0,1,0,1,0,0,1,0,0,0,0,0,0,0,0,0,0,0,1,0,0,0,1,1,2,1,1,4,15,5,3,0,7,1,6,11,19,9,10,0,1,0,0,0,0,0,1,0,0,0,0,1,1,0,1,0,1,1,0,0,0,0,0,0,0,1,2,0,0,1,0,0,0,0,0,0,0,0,0,0,0,0,0,0,0,0,0,0,6,5,4,2,95,17,112
YUWHIM,metastasis,65,M,0,0,0,0,0,0,0,0,0,NA,NA,"0,0",1,0,1,0,1,0,0,0,0,0,0,0,0,0,0,1,0,0,0,0,0,1,1,1,0,0,0,0,0,0,0,1,0,4,4,2,19,19,9,11,0,6,3,4,32,63,19,18,0,0,0,0,0,0,0,1,2,0,2,0,0,0,0,0,0,0,1,1,0,2,0,0,0,1,1,3,0,0,0,0,0,4,0,0,0,1,1,1,0,0,0,0,0,0,0,0,7,9,5,4,4,213,29,242
YUWIA,metastasis,83,M,1,0,0,0,0,0,0,0,0,NA,NA,"r,0",1,1,0,0,3,3,2,3,1,0,1,1,0,0,0,1,0,2,0,0,0,0,0,0,1,0,0,1,2,1,0,0,2,16,2,2,36,61,15,39,0,13,4,4,44,96,32,46,1,0,4,4,0,0,1,0,3,1,0,1,1,2,0,2,1,4,0,1,1,1,0,3,1,0,0,8,2,0,2,1,0,1,3,0,2,0,1,1,0,0,0,0,0,0,1,1,10,25,20,17,7,412,79,491
YUZEPO,metastasis,73,M,0,0,0,0,0,0,0,0,0,NA,NA,"0,0",0,0,0,0,0,0,0,0,0,0,0,0,0,0,0,0,0,0,0,0,0,0,0,0,0,0,0,0,0,0,0,0,0,0,0,0,1,0,1,1,0,0,0,0,2,4,3,0,0,0,0,1,0,0,0,0,0,0,1,0,0,0,0,0,0,0,0,0,0,0,0,0,0,0,0,0,0,0,0,0,0,0,0,0,0,0,0,0,0,0,0,0,0,0,0,0,0,0,2,0,0,12,2,14
YUZEST,metastasis,55,M,0,0,0,0,1,0,0,0,0,NA,NA,"R,0",0,0,0,0,6,2,1,4,0,0,0,1,0,3,0,1,1,0,0,0,2,0,0,0,0,2,0,0,0,1,0,0,0,4,3,0,22,27,19,18,0,6,1,4,32,64,36,15,0,0,0,1,1,0,0,0,0,1,1,0,0,0,0,2,0,1,1,0,0,2,0,0,0,0,0,1,2,1,0,0,0,0,1,0,0,0,2,0,0,0,0,1,0,0,0,1,5,8,6,18,6,251,43,294
YUZINO,metastasis,80,F,0,0,0,0,1,0,0,0,0,NA,NA,"R,0",1,1,0,0,2,2,2,3,0,0,0,3,4,7,2,4,0,1,1,1,3,2,1,1,0,1,1,0,2,3,1,3,6,42,4,15,150,188,44,146,2,50,5,33,184,464,237,143,2,0,1,8,0,4,0,3,1,2,1,5,3,5,2,16,0,1,0,2,2,5,3,12,1,0,1,19,5,3,5,7,0,1,1,5,0,3,3,7,0,3,8,3,1,0,0,5,40,66,53,31,21,1713,211,1924