Sample,Age,Signature.1,Signature.2,Signature.3,Signature.4,Signature.5,Signature.6,Signature.7,Signature.8,Signature.9,Signature.10,Signature.11,Signature.12,Signature.13,Signature.14,Signature.15,Signature.16,Signature.17,Signature.18,Signature.19,Signature.20,Signature.21,Signature.22,Signature.23,Signature.24,Signature.25,Signature.26,Signature.27,Signature.28,Signature.29,Signature.30,mut
TCGA-BF-A1PU,46,0.174200667,0,0,0,0,0,0.719909959,0,0,0,0,0,0,0,0,0,0,0,0,0,0,0,0.105889374,0,0,0,0,0,0,0,BRAF
TCGA-BF-A1PV,74,0.099379691,0,0,0,0,0,0.875495769,0,0,0,0,0,0,0,0,0,0,0,0,0,0.02512454,0,0,0,0,0,0,0,0,0,NRAS
TCGA-BF-A1PZ,71,0.059937442,0,0,0.124094459,0,0,0.680597986,0,0,0,0.037176753,0,0,0,0,0,0,0,0,0,0,0,0.090541448,0,0,0,0,0,0,0,NRAS
TCGA-BF-A3DM,63,0.103627326,0,0,0,0,0,0.818955123,0,0,0,0,0,0,0,0,0.023831639,0,0,0,0,0,0,0.04501886,0,0,0,0,0,0,0,BRAF
TCGA-D3-A1Q1,79,0.284768397,0,0.253604789,0,0,0.146419253,0.041086873,0,0,0,0,0,0,0,0.146189253,0,0,0,0,0,0,0.012050198,0,0.115881237,0,0,0,0,0,0,NRAS
TCGA-D3-A1Q4,53,0,0,0,0,0,0.056037601,0.910406189,0,0,0,0,0,0,0,0,0,0,0.012375963,0,0,0,0,0,0,0.014491784,0,0,0,0,0,BRAF
TCGA-D3-A1Q5,60,0.068311588,0,0,0.050316218,0,0,0.802978428,0,0,0,0,0,0,0,0,0,0,0,0,0,0,0,0.078393737,0,0,0,0,0,0,0,BRAF
TCGA-D3-A1Q6,55,0.044702635,0,0,0,0,0,0.798716284,0,0,0,0,0,0,0,0,0,0,0,0.156581081,0,0,0,0,0,0,0,0,0,0,0,BRAF
TCGA-D3-A1Q7,42,0.107674759,0,0,0,0,0,0.823436773,0,0,0,0.060137178,0,0,0,0,0,0,0,0,0,0,0,0,0,0,0,0,0,0,0,BRAF
TCGA-D3-A1Q8,33,0.059091609,0,0.021796623,0,0,0,0.732872801,0,0,0,0.032715838,0,0,0,0,0,0,0,0.117935475,0,0.035587654,0,0,0,0,0,0,0,0,0,NRAS
TCGA-D3-A1Q9,72,0.175018035,0.068500014,0.217367451,0,0.041252838,0,0.010766937,0,0,0.133511908,0,0,0,0,0,0,0.056909221,0.02071481,0,0,0.126535904,0.05142062,0.017866744,0,0,0.080135519,0,0,0,0,BRAF
TCGA-D3-A1QA,55,0.122560776,0,0,0,0,0,0.832107409,0,0,0,0,0,0,0,0,0,0,0.017738443,0,0,0,0,0.013658687,0,0,0,0,0,0,0,BRAF
TCGA-D3-A1QB,75,0.139363579,0,0.016223479,0,0,0,0.737338996,0,0,0,0.066689269,0,0,0,0,0,0,0,0,0.02174126,0,0,0,0,0.010443209,0,0,0,0,0,NRAS
TCGA-D3-A2J7,67,0.096195325,0,0,0,0,0,0.901158656,0,0,0,0,0,0,0,0,0,0,0,0,0,0,0,0,0,0,0,0,0,0,0,BRAF
TCGA-D3-A2J8,48,0.029492374,0,0,0,0,0,0.970507626,0,0,0,0,0,0,0,0,0,0,0,0,0,0,0,0,0,0,0,0,0,0,0,NRAS
TCGA-D3-A2JA,68,0.052684225,0,0,0,0.107223494,0,0.769554946,0,0,0,0,0,0,0,0.021491299,0,0,0,0.041850287,0,0,0,0,0,0,0,0,0,0,0,BRAF
TCGA-D3-A2JD,58,0.056047814,0,0,0,0,0,0.781963279,0,0,0,0.153741777,0,0,0,0,0,0,0,0,0,0,0,0,0,0,0,0,0,0,0,BRAF
TCGA-D3-A2JG,30,0,0,0,0.034871306,0,0.112195844,0.789725418,0,0,0,0,0,0,0,0,0,0,0.046446372,0.01676106,0,0,0,0,0,0,0,0,0,0,0,BRAF
TCGA-D3-A2JK,24,0.063107303,0,0,0,0,0,0.807083034,0,0,0,0,0,0,0,0,0,0,0,0,0.071412658,0,0,0.04578265,0,0,0,0,0,0,0,BRAF
TCGA-D3-A2JL,43,0.022882472,0,0,0,0,0.088358558,0.822646212,0,0.013323671,0,0.016680129,0,0,0,0,0,0,0,0,0,0.01817395,0,0,0,0,0,0,0,0,0,NRAS
TCGA-D3-A2JN,46,0.079894389,0.019230761,0,0,0.096690639,0,0.764713719,0,0,0,0,0,0,0,0,0,0,0.014130356,0,0,0,0,0.025340136,0,0,0,0,0,0,0,BRAF
TCGA-D3-A2JO,50,0.046949418,0,0.01586807,0,0,0,0.842750517,0,0,0,0,0,0,0,0,0,0,0.015595683,0,0,0,0,0,0,0,0.078836313,0,0,0,0,NRAS
TCGA-D3-A2JP,37,0.139343927,0,0,0,0,0,0.85953233,0,0,0,0,0,0,0,0,0,0,0,0,0,0,0,0,0,0,0,0,0,0,0,BRAF
TCGA-D3-A3C1,27,0.222837609,0.043526126,0.070441116,0,0,0,0.477767806,0,0,0,0,0,0,0,0,0,0,0,0,0.03893723,0,0,0.146490091,0,0,0,0,0,0,0,BRAF
TCGA-D3-A3C3,30,0.180511188,0,0.085060688,0,0,0,0.557907556,0,0,0,0.136135929,0,0,0,0,0,0,0.025275836,0,0,0,0,0.015108803,0,0,0,0,0,0,0,BRAF
TCGA-D3-A3C6,54,0.0849729,0,0,0,0,0,0.865226688,0,0,0,0,0,0,0,0,0,0,0.049800411,0,0,0,0,0,0,0,0,0,0,0,0,BRAF
TCGA-D3-A3C7,57,0.053114677,0,0,0,0,0,0.862647554,0,0,0,0,0,0,0,0,0,0,0,0,0,0,0,0,0,0.084237769,0,0,0,0,0,BRAF
TCGA-D3-A3CB,39,0.102474188,0.01711106,0,0,0,0,0.871778404,0,0,0,0,0,0,0,0,0,0,0,0,0,0,0,0,0,0,0,0,0,0,0,BRAF
TCGA-D3-A3CE,74,0.400897909,0,0,0,0,0,0.16031896,0,0,0,0.023704744,0,0,0,0,0.275040042,0,0,0,0,0.085316329,0,0,0,0.054721995,0,0,0,0,0,BRAF
TCGA-D3-A3ML,70,0.066997334,0.014903571,0,0,0,0,0.891709232,0,0,0,0,0,0,0,0,0,0,0,0,0,0.026389863,0,0,0,0,0,0,0,0,0,NRAS
TCGA-D3-A3MO,47,0.224969725,0.052427053,0,0,0,0,0.339078396,0,0,0,0.080955352,0,0.080300755,0,0.032691807,0,0,0.02365494,0,0.069004066,0.017225272,0.03426508,0.045427536,0,0,0,0,0,0,0,BRAF
TCGA-D3-A3MR,42,0.071562069,0,0.011535215,0,0,0,0.887318261,0,0.023082399,0,0,0,0,0,0,0,0,0,0,0,0,0,0,0,0,0,0,0,0,0,BRAF
TCGA-D3-A3MU,53,0,0,0.083633493,0,0,0.012476495,0.898188577,0,0,0,0,0,0,0,0,0,0,0,0,0,0,0,0,0,0,0,0,0,0,0,BRAF
TCGA-D3-A3MV,38,0.085645684,0.02828887,0,0,0,0,0.868937465,0,0,0,0,0,0,0,0,0,0,0,0,0.017127982,0,0,0,0,0,0,0,0,0,0,NRAS
TCGA-D3-A51E,39,0.144281946,0,0,0,0,0,0.672801616,0,0,0,0,0.042039941,0,0,0,0,0,0,0,0,0.017147092,0,0.073015322,0,0.035396036,0,0,0,0,0,NRAS
TCGA-D3-A51F,51,0.01007483,0,0,0.040824982,0,0,0.636532806,0,0,0,0.033218183,0.011780861,0,0,0,0,0,0,0.029156455,0,0,0,0.119804222,0,0.048185136,0,0,0,0,0.070422525,BRAF
TCGA-D3-A51G,34,0.118139135,0,0,0,0,0,0.785144125,0,0,0,0,0,0,0,0,0,0,0,0,0,0.012918902,0,0.079887777,0,0,0,0,0,0,0,NRAS
TCGA-D3-A51J,19,0.052193555,0,0.011677662,0.018490349,0,0,0.815262962,0,0,0,0.053613687,0,0,0,0,0,0,0,0,0,0,0,0.031561715,0,0,0,0,0,0,0,BRAF
TCGA-D3-A51N,56,0.136962285,0.020075037,0.136685697,0,0,0,0.36344299,0.074367485,0,0,0.212763375,0,0,0,0,0,0,0,0,0,0.03106252,0,0,0,0,0,0,0,0,0.024640612,BRAF
TCGA-D3-A51R,60,0.08309219,0,0,0,0,0,0.900385322,0,0,0,0,0,0,0,0,0,0,0,0,0,0,0,0,0,0,0,0,0,0,0,NRAS
TCGA-D3-A5GN,15,0,0,0,0,0,0.034665143,0.963382657,0,0,0,0,0,0,0,0,0,0,0,0,0,0,0,0,0,0,0,0,0,0,0,BRAF
TCGA-D3-A5GO,61,0.051444271,0,0,0,0,0,0.946456285,0,0,0,0,0,0,0,0,0,0,0,0,0,0,0,0,0,0,0,0,0,0,0,NRAS
TCGA-D3-A5GR,23,0.011214711,0,0.019899732,0,0,0.113523328,0.762497754,0,0,0,0,0,0,0,0,0,0,0,0,0,0.022858945,0,0,0.042674399,0,0,0,0,0,0.013587841,BRAF
TCGA-D3-A5GS,58,0.021940116,0,0,0,0,0,0.883448186,0,0,0,0,0,0,0,0,0,0,0,0,0,0,0,0.0886975,0,0,0,0,0,0,0,BRAF
TCGA-D3-A5GT,43,0.79979683,0.014052925,0,0,0,0,0,0,0,0,0,0,0,0,0,0,0,0.016825531,0.110890293,0.047329235,0,0,0.011105185,0,0,0,0,0,0,0,BRAF
TCGA-D3-A5GU,36,0.058995208,0.063648248,0,0.023844778,0,0,0.653607718,0,0.011990826,0,0,0,0,0,0,0,0,0,0.104341889,0,0,0,0.083571332,0,0,0,0,0,0,0,BRAF
TCGA-D9-A148,40,0.091830242,0.078697151,0,0,0.117226315,0,0.622276159,0,0,0,0,0,0,0,0,0,0,0,0.089970132,0,0,0,0,0,0,0,0,0,0,0,BRAF
TCGA-D9-A1JX,80,0.179906882,0,0,0,0,0,0.689392997,0,0,0,0,0,0,0,0,0,0,0,0,0,0.048756562,0,0,0,0.073274678,0,0,0,0,0,BRAF
TCGA-D9-A3Z1,66,0.100680266,0,0,0.014949009,0,0,0.807806298,0,0,0,0.076564427,0,0,0,0,0,0,0,0,0,0,0,0,0,0,0,0,0,0,0,NRAS
TCGA-D9-A3Z3,39,0.01203505,0.028477396,0,0,0,0.065992392,0.694766389,0,0.024901947,0,0,0,0,0,0.030838487,0,0,0,0,0,0.026451891,0,0.015418922,0,0,0,0,0,0,0.101117526,BRAF
TCGA-D9-A3Z4,54,0.134900861,0,0,0,0.119839139,0,0.532714697,0,0,0,0.19155846,0,0,0,0,0,0,0,0,0,0.011377757,0,0,0,0,0,0,0,0,0,NRAS
TCGA-D9-A4Z2,50,0.194858168,0,0,0,0,0,0,0.225281466,0,0,0,0,0,0,0.187686108,0,0.116636929,0,0.148409987,0,0.127127324,0,0,0,0,0,0,0,0,0,BRAF
TCGA-D9-A4Z3,73,0.062065893,0,0,0,0,0.011672747,0.732007412,0,0,0,0.194253949,0,0,0,0,0,0,0,0,0,0,0,0,0,0,0,0,0,0,0,NRAS
TCGA-D9-A6E9,75,0.109970194,0,0,0,0,0,0.600541547,0,0,0,0.111647785,0,0,0,0.011744674,0,0,0.021800222,0.071905398,0,0.04115158,0,0,0.020498292,0.010740308,0,0,0,0,0,BRAF
TCGA-D9-A6EA,70,0.022843121,0,0,0,0.07564835,0,0.830618051,0,0.018312762,0,0,0,0,0,0,0,0,0,0,0,0,0,0.012193503,0,0,0,0,0,0,0,NRAS
TCGA-DA-A1HV,75,0.05673818,0.039312822,0,0,0,0,0.882435476,0,0,0,0,0,0,0,0,0,0,0,0,0.012798592,0,0,0,0,0,0,0,0,0,0,NRAS
TCGA-DA-A1HW,37,0.084573433,0.031479663,0,0,0,0,0.740139225,0,0,0,0,0,0,0,0,0,0,0,0.129297384,0,0,0,0,0,0,0,0,0,0,0,BRAF
TCGA-DA-A1HY,42,0.033195034,0,0,0,0,0.020407407,0.833911736,0,0,0,0.077789662,0,0,0,0,0,0,0,0,0,0.01118842,0,0.023507741,0,0,0,0,0,0,0,BRAF
TCGA-DA-A1I0,63,0.07418472,0,0,0.021291171,0,0,0.794207969,0,0,0,0,0,0,0,0,0,0,0,0,0,0.0122905,0,0.090510713,0,0,0,0,0,0,0,BRAF
TCGA-DA-A1I1,55,0.134140419,0,0.019054546,0,0,0,0.824889217,0,0,0,0,0,0,0,0,0,0,0,0,0,0,0,0,0,0,0,0,0,0,0,NRAS
TCGA-DA-A1I2,45,0.117893829,0.013227779,0,0,0.173419305,0,0.591205416,0,0,0,0.066265493,0,0,0,0,0,0,0,0,0.026212805,0,0,0,0,0,0,0,0,0.011775373,0,BRAF
TCGA-DA-A1I4,51,0.124277339,0,0,0,0,0,0.843654924,0,0,0,0,0,0,0,0,0,0,0,0,0,0,0,0,0,0.032067738,0,0,0,0,0,BRAF
TCGA-DA-A1I5,27,0.026352543,0,0,0,0.057705992,0,0.904908352,0,0,0,0,0,0,0,0,0,0,0,0,0,0,0,0,0,0,0,0,0,0,0,BRAF
TCGA-DA-A1I7,62,0.170418026,0,0,0,0,0,0.803759544,0,0,0,0,0,0,0,0,0,0,0,0,0.015798417,0,0,0,0,0.010024013,0,0,0,0,0,BRAF
TCGA-DA-A1I8,63,0.058200671,0.03933995,0,0,0,0,0.542065904,0,0,0,0.024034717,0.068531344,0,0,0,0.030770516,0,0,0.217241495,0,0,0,0.019815403,0,0,0,0,0,0,0,BRAF
TCGA-DA-A3F3,52,0.145634018,0.028952033,0.026973908,0,0,0,0.775835395,0,0,0,0,0,0,0,0,0,0,0,0,0.013376694,0,0,0,0,0,0,0,0,0,0,NRAS
TCGA-DA-A3F5,45,0.13368233,0,0,0.019191189,0,0,0.605792202,0,0,0,0.039776848,0,0,0,0,0,0,0,0.12799924,0,0.045167659,0,0,0,0.028390533,0,0,0,0,0,BRAF
TCGA-DA-A3F8,39,0.040423877,0,0,0,0,0,0.959576123,0,0,0,0,0,0,0,0,0,0,0,0,0,0,0,0,0,0,0,0,0,0,0,BRAF
TCGA-EB-A1NK,48,0.150493126,0,0,0.032075996,0,0,0.727097703,0,0,0,0,0,0,0,0,0,0.051786433,0,0,0,0.015102502,0,0.023444239,0,0,0,0,0,0,0,NRAS
TCGA-EB-A24C,56,0.327077324,0,0,0,0,0.190395532,0.150238648,0,0,0,0,0,0,0,0,0,0.042664963,0.138591954,0,0,0.101843417,0,0,0,0,0,0.04918815,0,0,0,BRAF
TCGA-EB-A299,63,0.078375698,0,0,0.027883954,0,0,0.850412567,0,0,0,0,0,0,0,0,0,0,0,0,0,0,0,0.043327781,0,0,0,0,0,0,0,BRAF
TCGA-EB-A3HV,37,0,0.137240966,0,0.03279384,0,0,0.434102651,0,0,0.074840563,0,0,0,0,0.061890496,0,0,0.050229822,0.208901644,0,0,0,0,0,0,0,0,0,0,0,BRAF
TCGA-EB-A3XB,63,0.081202804,0,0,0,0,0,0.845860664,0,0,0,0,0,0,0,0,0,0,0,0,0.027916822,0.034128038,0,0,0.010891672,0,0,0,0,0,0,BRAF
TCGA-EB-A3XC,74,0.063647567,0,0.066113072,0,0,0,0.748047263,0,0.037255357,0,0,0,0,0,0,0,0,0,0,0.034519466,0,0,0.041208235,0,0,0,0,0,0,0,BRAF
TCGA-EB-A3XD,53,0.11376154,0,0,0,0,0,0.846322245,0,0,0,0,0,0,0,0,0,0,0,0,0,0,0,0.039916216,0,0,0,0,0,0,0,BRAF
TCGA-EB-A3XE,77,0.132631067,0,0,0.044081684,0,0,0.498840268,0,0,0,0,0,0,0.13075504,0.034755592,0,0,0,0,0,0.057049468,0,0,0,0,0,0,0.101886863,0,0,BRAF
TCGA-EB-A3Y6,56,0.065509846,0.015944737,0,0,0,0.050781433,0.725814277,0,0,0,0.024569931,0,0,0,0,0,0,0.020246133,0,0,0,0,0.04607732,0,0.042755119,0,0,0,0,0,BRAF
TCGA-EB-A42Z,49,0.195189381,0,0,0.0589602,0,0,0.595662829,0,0,0.099925947,0,0,0,0,0,0,0,0,0,0,0,0,0.028700098,0,0.021561545,0,0,0,0,0,BRAF
TCGA-EB-A430,83,0.107225311,0,0,0,0,0,0.80618958,0,0,0,0,0.023758268,0,0,0,0,0,0,0,0,0,0,0.04308921,0,0.012520823,0,0,0,0,0,BRAF
TCGA-EB-A431,34,0.048608271,0,0,0.014250867,0,0,0.860199544,0,0,0,0.026443927,0,0,0,0,0,0,0,0,0,0,0,0.050497361,0,0,0,0,0,0,0,BRAF
TCGA-EB-A44N,59,0.16364203,0,0,0.011431604,0,0,0.776948373,0,0,0,0,0,0,0,0,0,0,0,0,0,0.014751175,0,0,0,0.033226818,0,0,0,0,0,BRAF
TCGA-EB-A44O,69,0.141878309,0,0,0,0,0,0.761938732,0,0,0,0,0.012409892,0,0,0,0,0,0,0,0,0,0,0.076988534,0,0,0,0,0,0,0,NRAS
TCGA-EB-A44P,58,0.050361464,0,0,0,0,0,0.78174367,0,0,0,0,0,0,0,0,0,0,0,0,0,0,0,0.091821847,0,0.035370862,0.040702127,0,0,0,0,BRAF
TCGA-EB-A44Q,51,0.090115535,0,0.118793552,0.153817434,0,0.190004998,0.234868515,0,0,0,0,0,0,0,0.122203998,0,0,0,0,0,0.041442043,0.019968618,0,0,0,0,0,0.028785285,0,0,NRAS
TCGA-EB-A44R,52,0.367988615,0,0,0,0,0.264311399,0,0,0,0,0,0,0,0,0,0,0.095177943,0.055184881,0,0,0.12238731,0.022356122,0,0,0,0.07259373,0,0,0,0,NRAS
TCGA-EB-A4IS,77,0.041155492,0,0,0.023955434,0.081971251,0,0.752112195,0,0,0,0.07555876,0,0,0,0,0,0,0,0.025246867,0,0,0,0,0,0,0,0,0,0,0,BRAF
TCGA-EB-A4OZ,41,0,0,0,0.142040621,0,0,0.191470459,0,0,0,0,0.100154409,0,0,0,0.17834243,0,0,0,0.246446691,0,0,0,0,0.141545365,0,0,0,0,0,BRAF
TCGA-EB-A4P0,82,0.051329352,0,0,0,0,0,0.604852263,0,0,0,0.195214628,0,0,0,0.047490367,0,0,0,0,0,0.038752297,0,0,0.024231894,0.024556142,0,0,0,0,0,BRAF
TCGA-EB-A551,78,0.129721829,0.025786184,0,0,0,0,0.732615249,0,0,0,0,0,0,0,0,0,0,0,0,0,0.058457772,0,0,0,0.045734765,0,0,0,0,0,NRAS
TCGA-EB-A553,62,0.118758312,0,0.085935376,0.047357614,0,0,0.483161528,0,0.016081323,0,0.109595395,0,0,0,0,0,0,0,0.056623656,0,0,0,0.039537619,0,0.042949157,0,0,0,0,0,BRAF
TCGA-EB-A5SE,73,0.063773064,0,0,0,0,0,0.703261158,0,0,0,0.061654713,0,0,0,0,0,0,0,0.171311065,0,0,0,0,0,0,0,0,0,0,0,BRAF
TCGA-EB-A5SG,57,0,0,0,0,0,0.07840341,0.828723123,0.02946495,0,0,0,0.025941607,0,0,0,0,0,0,0,0,0.019871699,0,0.017595211,0,0,0,0,0,0,0,NRAS
TCGA-EB-A5UL,71,0.059149525,0,0,0.041744676,0.031154931,0,0.702712973,0,0,0.051480252,0,0,0,0,0,0,0,0,0,0.051379528,0,0,0.052883737,0,0,0,0,0,0,0,NRAS
TCGA-EB-A5UN,49,0.06802482,0,0,0,0.080360963,0,0.744785275,0,0,0,0.098353888,0,0,0,0,0,0,0,0,0,0,0,0,0,0,0,0,0,0,0,BRAF
TCGA-EE-A17X,54,0.071001234,0.026770897,0,0,0,0,0.847959835,0,0,0,0,0,0,0,0,0,0,0.014573743,0,0.036011171,0,0,0,0,0,0,0,0,0,0,NRAS
TCGA-EE-A17Y,69,0.09377651,0.025265387,0,0,0.135888739,0,0.632623509,0,0,0,0.079994265,0,0,0,0,0,0,0,0,0,0,0,0,0,0,0,0,0,0,0.032451589,BRAF
TCGA-EE-A183,48,0.084963612,0,0,0,0,0,0.891619016,0,0,0,0,0,0,0,0,0,0,0,0,0.016365298,0,0,0,0,0,0,0,0,0,0,BRAF
TCGA-EE-A184,72,0,0,0,0.010023451,0,0,0,0,0,0,0,0,0,0,0,0,0,0.559242404,0,0.430734146,0,0,0,0,0,0,0,0,0,0,NRAS
TCGA-EE-A185,55,0.135489504,0.046428709,0,0.04089934,0,0,0.712957944,0,0,0,0,0,0,0,0,0,0,0,0,0,0,0,0.05885083,0,0,0,0,0,0,0,NRAS
TCGA-EE-A20B,66,0.056672744,0,0,0,0.136024035,0,0.776868454,0,0,0,0,0,0,0,0,0,0,0,0,0,0.014971041,0,0.015463726,0,0,0,0,0,0,0,BRAF
TCGA-EE-A20C,59,0.053705055,0,0,0,0.077580882,0,0.78271958,0.011312917,0,0,0.044257976,0,0,0,0,0,0,0,0,0,0.025146575,0,0,0,0,0,0,0,0,0,NRAS
TCGA-EE-A20F,53,0.04874333,0.014556411,0,0,0,0,0.821937877,0,0,0,0,0,0,0,0,0,0,0,0.092300451,0,0,0,0,0,0,0,0,0,0.015119009,0,BRAF
TCGA-EE-A20H,56,0.069176883,0,0,0,0.113279206,0,0.771431907,0,0,0,0.018117166,0,0,0,0,0,0,0,0,0,0.023167933,0,0,0,0,0,0,0,0,0,BRAF
TCGA-EE-A29A,68,0,0,0,0,0,0,0.810610567,0,0,0,0.015826732,0,0,0,0,0,0,0,0.161856729,0,0,0,0,0,0.011705972,0,0,0,0,0,BRAF
TCGA-EE-A29C,20,0.128651491,0,0,0,0,0,0.799654196,0,0,0,0,0,0,0,0,0,0,0,0,0,0,0,0.071694313,0,0,0,0,0,0,0,BRAF
TCGA-EE-A29E,54,0.052158854,0.043460865,0,0,0,0,0.900306944,0,0,0,0,0,0,0,0,0,0,0,0,0,0,0,0,0,0,0,0,0,0,0,BRAF
TCGA-EE-A29G,53,0.032602993,0,0,0,0.122392955,0,0.801386214,0,0,0,0,0,0,0,0,0,0,0,0,0.020085694,0.016301082,0,0,0,0,0,0,0,0,0,NRAS
TCGA-EE-A29H,59,0.052577675,0,0,0,0,0,0.898741593,0,0,0,0,0,0,0,0,0,0,0.018706027,0,0,0.029974705,0,0,0,0,0,0,0,0,0,BRAF
TCGA-EE-A29L,78,0.081640023,0.023036718,0,0,0,0,0.84427908,0,0,0,0,0,0,0,0,0,0,0,0,0.010857559,0,0,0.040186619,0,0,0,0,0,0,0,NRAS
TCGA-EE-A29M,33,0.036303793,0,0,0,0,0,0.957883101,0,0,0,0,0,0,0,0,0,0,0,0,0,0,0,0,0,0,0,0,0,0,0,BRAF
TCGA-EE-A29P,73,0,0,0,0,0.012565456,0.080384264,0.879029082,0,0,0,0,0,0,0,0,0,0,0,0,0,0.012679988,0,0,0,0.010685816,0,0,0,0,0,BRAF
TCGA-EE-A29Q,70,0.080363124,0.010713624,0,0,0,0,0.712750962,0,0,0,0,0,0,0,0,0,0,0,0,0.076919475,0,0,0.067974871,0,0.051277944,0,0,0,0,0,NRAS
TCGA-EE-A29R,48,0.083405528,0,0,0.023019165,0,0,0.837229196,0,0,0,0,0.013210981,0,0,0,0,0,0,0,0,0,0,0.028363913,0,0.014771218,0,0,0,0,0,NRAS
TCGA-EE-A29S,79,0.042778569,0,0,0,0,0,0.865414959,0,0,0,0,0,0,0,0,0,0,0,0.054902558,0,0.026084092,0,0,0,0,0,0,0,0,0,NRAS
TCGA-EE-A29V,85,0.088833901,0,0,0.018329318,0,0,0.715121415,0,0,0,0.109420159,0,0,0,0,0,0,0,0,0,0.013433098,0,0.045970815,0,0,0,0,0,0,0,NRAS
TCGA-EE-A29W,42,0.177248041,0.036391748,0,0.087784741,0,0,0.475039367,0,0,0.027606788,0,0,0,0,0,0,0.019634972,0,0,0,0,0.011746799,0.090154689,0,0,0,0,0,0,0.074392856,BRAF
TCGA-EE-A29X,58,0.011316621,0.018719222,0,0,0,0,0.796177688,0,0.043777161,0,0.080667602,0,0,0,0.02200745,0,0.019929628,0,0,0,0,0,0,0,0,0,0,0,0,0,NRAS
TCGA-EE-A2A1,46,0.118641024,0,0.012591673,0,0,0,0.83832103,0,0,0,0,0,0,0,0,0.02385311,0,0,0,0,0,0,0,0,0,0,0,0,0,0,NRAS
TCGA-EE-A2A2,71,0.039796687,0,0,0,0.097260812,0,0.789263556,0,0,0,0.073678946,0,0,0,0,0,0,0,0,0,0,0,0,0,0,0,0,0,0,0,NRAS
TCGA-EE-A2A5,43,0.02577983,0.026438352,0,0,0,0,0.707017539,0,0,0,0,0,0,0,0,0,0,0,0.168967717,0,0,0,0.044028831,0,0,0,0,0,0,0.020440562,NRAS
TCGA-EE-A2A6,43,0.155818641,0.043984852,0,0,0,0,0.739180885,0,0,0,0,0,0,0,0,0,0,0,0,0,0,0,0.035634972,0,0.02538065,0,0,0,0,0,BRAF
TCGA-EE-A2GB,51,0.028724303,0,0,0,0,0,0.85516262,0,0,0,0.058614547,0,0,0,0,0,0,0,0,0.049246343,0,0,0,0,0,0,0,0,0,0,BRAF
TCGA-EE-A2GD,58,0.058033549,0.012744645,0,0,0,0,0.885950934,0,0,0,0,0,0,0,0,0,0,0,0,0,0.0173953,0,0,0.020752638,0,0,0,0,0,0,NRAS
TCGA-EE-A2GE,44,0.033669259,0.01052279,0,0.010994055,0,0,0.757950742,0,0,0,0.063123139,0,0,0,0,0,0,0,0.100476722,0,0.023263292,0,0,0,0,0,0,0,0,0,BRAF
TCGA-EE-A2GH,34,0,0.026066749,0,0,0,0.08619418,0.856848059,0,0,0,0,0,0,0,0,0,0,0,0,0,0,0,0,0,0.014201853,0,0,0,0,0,BRAF
TCGA-EE-A2GJ,83,0.024341623,0,0,0,0.079786503,0.019503653,0.86530828,0,0,0,0,0,0,0,0,0,0,0,0,0,0,0,0,0,0,0,0,0,0,0,NRAS
TCGA-EE-A2GL,40,0.099279661,0,0,0.014026021,0,0,0.791194813,0,0.024596699,0,0,0,0,0,0,0,0,0,0,0,0,0,0.064107341,0,0,0,0,0,0,0,NRAS
TCGA-EE-A2GM,70,0.086899735,0,0,0.013334406,0,0,0.806417762,0,0,0,0.069867777,0,0,0,0,0,0,0,0,0,0,0,0,0,0,0,0,0,0,0,NRAS
TCGA-EE-A2GN,67,0,0.031863485,0,0.015753861,0,0,0.730417961,0,0,0,0.014084588,0,0,0,0,0,0,0.018865126,0.136022033,0,0,0,0,0,0,0,0,0,0,0.044944623,NRAS
TCGA-EE-A2GP,80,0.092206849,0,0,0,0,0,0.904628609,0,0,0,0,0,0,0,0,0,0,0,0,0,0,0,0,0,0,0,0,0,0,0,NRAS
TCGA-EE-A2GS,28,0.052514963,0,0,0,0.082838415,0,0.827849477,0,0,0,0,0,0,0,0,0,0,0,0,0,0,0,0.036797145,0,0,0,0,0,0,0,BRAF
TCGA-EE-A2GT,77,0.107936352,0,0,0,0,0,0.892063648,0,0,0,0,0,0,0,0,0,0,0,0,0,0,0,0,0,0,0,0,0,0,0,BRAF
TCGA-EE-A2GU,65,0.062091239,0,0,0,0,0,0.926622814,0,0,0,0,0,0,0,0,0,0,0,0,0,0.011285947,0,0,0,0,0,0,0,0,0,NRAS
TCGA-EE-A2M5,49,0.044085503,0,0,0,0,0,0.765448157,0,0.024369832,0,0.054994649,0,0,0,0,0,0,0,0.06564709,0,0,0,0.020995502,0,0.017357117,0,0,0,0,0,BRAF
TCGA-EE-A2M6,61,0.031468069,0,0,0,0.094750344,0,0.823640876,0,0,0,0.05014071,0,0,0,0,0,0,0,0,0,0,0,0,0,0,0,0,0,0,0,BRAF
TCGA-EE-A2M7,66,0.26664441,0.019862288,0,0,0,0,0.320113098,0,0,0.023945689,0,0.027324579,0.030497927,0,0,0,0,0.12294132,0,0.109287402,0,0,0.021572927,0,0,0,0,0,0,0.057810361,BRAF
TCGA-EE-A2M8,54,0.152348732,0.105764399,0,0,0,0,0.696537876,0,0,0,0,0,0,0,0,0,0,0,0,0,0.045348992,0,0,0,0,0,0,0,0,0,BRAF
TCGA-EE-A2MC,73,0.125399942,0,0,0,0,0,0.837001584,0,0,0,0,0,0,0,0,0,0,0,0,0,0.016944578,0,0,0,0.020653896,0,0,0,0,0,NRAS
TCGA-EE-A2MD,52,0.098073019,0.021788235,0,0,0,0,0.876360815,0,0,0,0,0,0,0,0,0,0,0,0,0,0,0,0,0,0,0,0,0,0,0,NRAS
TCGA-EE-A2ME,51,0.132941826,0,0,0,0,0,0.851382893,0,0,0,0.015675282,0,0,0,0,0,0,0,0,0,0,0,0,0,0,0,0,0,0,0,BRAF
TCGA-EE-A2MG,23,0.058055305,0,0,0,0.071927709,0,0.837304759,0,0,0,0,0,0,0,0,0,0,0.014987666,0,0,0,0,0.017724562,0,0,0,0,0,0,0,BRAF
TCGA-EE-A2MH,66,0.093610453,0,0,0,0,0.041140053,0.70371957,0,0,0,0,0,0,0,0,0,0,0.0281767,0,0.010776131,0,0,0.122577093,0,0,0,0,0,0,0,BRAF
TCGA-EE-A2MK,18,0.041757721,0.053045827,0,0,0,0,0.721079165,0,0,0,0,0,0,0,0,0,0,0,0,0,0.04534459,0,0,0,0,0,0,0,0,0.133021545,BRAF
TCGA-EE-A2ML,35,0.067695827,0,0,0.040204885,0,0,0.743031817,0,0,0,0,0,0,0,0,0,0,0,0.04564897,0,0,0,0.091936509,0,0.011481993,0,0,0,0,0,NRAS
TCGA-EE-A2MM,63,0.078346799,0,0,0,0,0,0.921653201,0,0,0,0,0,0,0,0,0,0,0,0,0,0,0,0,0,0,0,0,0,0,0,NRAS
TCGA-EE-A2MN,58,0.045275253,0.084953456,0,0,0,0,0.633557595,0,0,0,0,0,0,0,0,0,0,0,0.236213697,0,0,0,0,0,0,0,0,0,0,0,NRAS
TCGA-EE-A2MP,34,0.072298618,0,0,0,0,0.068071883,0.709617335,0,0,0,0,0.03471449,0,0,0,0,0,0,0.065026509,0,0,0,0.029023272,0,0.021247893,0,0,0,0,0,BRAF
TCGA-EE-A2MU,71,0.082412908,0.022709267,0,0,0,0,0.826842411,0,0,0,0,0,0,0,0,0,0.049086088,0,0,0,0,0,0.018949326,0,0,0,0,0,0,0,NRAS
TCGA-EE-A3AB,30,0,0,0.04548437,0,0,0,0.42526275,0,0,0,0.01533599,0.204796968,0,0,0,0,0,0,0,0,0.3091199,0,0,0,0,0,0,0,0,0,BRAF
TCGA-EE-A3AC,47,0.072311077,0.024969335,0,0.021371704,0,0,0.819575833,0,0,0,0,0,0,0,0,0,0,0,0,0,0.015619763,0,0.033621674,0,0,0,0,0,0,0,NRAS
TCGA-EE-A3AD,50,0.091160959,0,0,0,0,0,0.766647795,0,0,0,0,0,0,0,0,0,0,0,0,0,0.014305153,0,0.084829463,0,0.034279452,0,0,0,0,0,BRAF
TCGA-EE-A3AF,48,0.060630475,0,0,0.020396269,0,0,0.770318153,0,0,0,0.081519191,0,0,0,0,0,0,0,0,0,0.012470811,0,0.047815383,0,0,0,0,0,0,0,BRAF
TCGA-EE-A3AG,25,0.05419783,0,0,0,0,0,0.821847446,0,0,0,0.030416303,0,0,0,0,0,0,0,0,0,0,0,0.069528189,0,0,0,0,0,0,0,BRAF
TCGA-EE-A3AH,30,0.057399036,0,0,0,0,0,0.89298663,0,0,0,0,0,0,0,0,0,0,0,0.045668963,0,0,0,0,0,0,0,0,0,0,0,BRAF
TCGA-EE-A3J3,42,0.253424016,0,0.063015168,0.024412398,0,0,0.557858161,0,0,0,0,0,0,0,0,0,0,0,0,0,0,0,0.101290257,0,0,0,0,0,0,0,BRAF
TCGA-EE-A3J4,72,0.167583795,0.02704559,0.046690599,0,0,0,0.65377158,0,0.011097266,0,0,0,0,0,0,0,0,0.026420746,0,0,0.011933034,0,0,0,0,0,0,0.050751896,0,0,BRAF
TCGA-EE-A3J7,43,0.109886345,0,0,0.010490281,0,0,0.632797906,0,0,0,0.063706933,0.016493604,0,0,0,0,0,0,0.156214457,0,0,0,0.010410475,0,0,0,0,0,0,0,NRAS
TCGA-EE-A3J8,59,0,0.010098975,0,0,0,0.082401581,0.875759923,0,0,0,0,0,0,0,0,0,0,0,0,0,0.021328956,0,0,0,0,0,0,0,0,0,NRAS
TCGA-EE-A3JA,44,0.051180709,0,0,0,0,0,0.944912133,0,0,0,0,0,0,0,0,0,0,0,0,0,0,0,0,0,0,0,0,0,0,0,NRAS
TCGA-EE-A3JE,75,0.104769138,0,0,0,0.144196535,0,0.643776343,0,0,0,0.107257984,0,0,0,0,0,0,0,0,0,0,0,0,0,0,0,0,0,0,0,BRAF
TCGA-EE-A3JI,48,0.059144645,0.016211906,0,0.014358362,0.097762302,0,0.712669957,0,0,0,0.089971874,0,0,0,0,0,0,0,0,0,0,0,0,0,0,0,0,0,0,0,NRAS
TCGA-ER-A193,62,0.078086869,0,0.024585504,0,0,0,0.861701908,0,0,0,0,0,0,0,0,0,0,0,0,0.019490793,0,0,0,0,0.010097776,0,0,0,0,0,BRAF
TCGA-ER-A195,46,0.081647499,0,0,0,0,0,0.908277935,0,0,0,0,0,0,0,0,0,0,0,0,0,0,0,0.010074566,0,0,0,0,0,0,0,NRAS
TCGA-ER-A198,45,0.091125517,0,0,0.020023138,0,0,0.755300497,0,0,0,0,0,0,0,0,0,0,0,0,0,0,0,0.110641657,0,0.022909163,0,0,0,0,0,BRAF
TCGA-ER-A199,86,0.057500284,0,0,0,0.094784262,0,0.803137334,0,0,0,0,0,0,0,0,0,0,0,0.016657353,0,0,0,0.022215259,0,0,0,0,0,0,0,NRAS
TCGA-ER-A19B,42,0.077414215,0,0.0495613,0,0,0,0.257985111,0,0,0,0,0,0,0,0,0.124611753,0,0,0,0,0,0,0,0,0,0.49042759,0,0,0,0,BRAF
TCGA-ER-A19C,77,0.032877812,0.076291688,0,0,0,0,0.668854,0.103002317,0,0,0,0,0,0,0,0,0,0,0.118974183,0,0,0,0,0,0,0,0,0,0,0,BRAF
TCGA-ER-A19D,46,0.096198952,0,0,0,0,0,0.74466192,0,0,0,0,0,0,0,0,0,0,0,0.139026207,0,0,0,0,0,0.020112921,0,0,0,0,0,NRAS
TCGA-ER-A19E,36,0.106574243,0.018000392,0,0,0.104706998,0,0.687867516,0,0,0,0.020105404,0,0,0,0,0,0,0,0,0.023819979,0.01488676,0,0,0,0,0,0,0,0.024038708,0,BRAF
TCGA-ER-A19G,48,0.085340046,0,0,0.015102739,0,0,0.78237456,0,0.023587761,0,0.012491832,0,0,0,0,0,0,0,0,0,0.022065527,0,0.059037507,0,0,0,0,0,0,0,BRAF
TCGA-ER-A19H,40,0.143831751,0,0,0.050353888,0,0,0.743889187,0,0,0,0,0,0,0,0,0,0,0,0,0,0.0295429,0,0.032382273,0,0,0,0,0,0,0,BRAF
TCGA-ER-A19J,54,0.149035301,0,0,0,0,0,0.828369854,0,0,0,0,0,0,0,0,0,0,0,0,0,0.022594845,0,0,0,0,0,0,0,0,0,BRAF
TCGA-ER-A19K,79,0,0,0,0,0,0.030842131,0.968865452,0,0,0,0,0,0,0,0,0,0,0,0,0,0,0,0,0,0,0,0,0,0,0,BRAF
TCGA-ER-A19M,36,0.071023826,0,0,0,0,0,0.818503478,0,0,0,0,0,0,0,0,0,0,0,0.039929713,0,0,0,0.065781035,0,0,0,0,0,0,0,BRAF
TCGA-ER-A19N,47,0.038821977,0,0,0,0.058881035,0,0.859083279,0,0,0,0,0,0,0,0,0,0,0,0,0,0,0,0.021950991,0,0,0,0,0,0,0,NRAS
TCGA-ER-A19O,56,0.019192945,0,0,0,0,0.081196594,0.874822192,0,0,0,0,0,0,0,0,0,0,0,0,0,0.024788269,0,0,0,0,0,0,0,0,0,BRAF
TCGA-ER-A19Q,37,0.230264221,0,0,0,0,0,0.769735779,0,0,0,0,0,0,0,0,0,0,0,0,0,0,0,0,0,0,0,0,0,0,0,BRAF
TCGA-ER-A19S,81,0,0,0,0,0.159823296,0.056785903,0.767174084,0,0,0,0,0,0,0,0,0,0,0,0,0,0.016216718,0,0,0,0,0,0,0,0,0,BRAF
TCGA-ER-A19W,48,0.079450761,0.077993791,0,0,0,0.023298805,0.659182677,0,0.011332881,0,0,0,0,0,0.013858553,0,0,0,0,0,0.025357647,0,0.071960883,0,0.037564003,0,0,0,0,0,NRAS
TCGA-ER-A2ND,57,0.194046284,0,0.135746485,0,0,0,0.432264814,0,0,0,0,0.012951401,0,0,0.061386335,0,0,0.010491089,0,0.057329313,0.076812639,0.018971621,0,0,0,0,0,0,0,0,BRAF
TCGA-ER-A2NE,39,0.048515116,0.047776492,0.047378604,0.013231533,0,0,0.591198812,0,0,0,0,0,0,0,0,0,0,0,0,0.059631295,0.024736343,0,0.114404467,0,0.023126685,0,0,0,0.030000631,0,NRAS
TCGA-ER-A2NG,43,0.021306414,0,0.126269797,0,0,0,0.673625052,0,0,0,0.105018671,0,0.040962893,0,0,0,0,0,0,0,0,0,0,0,0,0,0,0.032817173,0,0,BRAF
TCGA-ER-A2NH,49,0.077433064,0,0,0,0,0,0.917028677,0,0,0,0,0,0,0,0,0,0,0,0,0,0,0,0,0,0,0,0,0,0,0,NRAS
TCGA-ER-A3PL,30,0.054565369,0,0,0,0,0,0.814605666,0,0,0,0,0,0,0,0,0,0,0,0,0,0,0,0.130828966,0,0,0,0,0,0,0,BRAF
TCGA-FR-A3YN,44,0.111857587,0,0.019028356,0,0,0,0.819797743,0,0,0,0,0.033708011,0,0,0,0,0,0,0,0,0,0,0,0,0,0,0,0,0,0,NRAS
TCGA-FR-A3YO,56,0.084618717,0,0,0,0,0,0.915381283,0,0,0,0,0,0,0,0,0,0,0,0,0,0,0,0,0,0,0,0,0,0,0,BRAF
TCGA-FR-A44A,29,0.090137292,0,0,0.032107419,0,0,0.699084331,0,0,0,0,0,0,0,0,0,0,0,0.1660418,0,0,0,0,0,0,0,0,0,0,0,BRAF
TCGA-FR-A69P,34,0.123111983,0,0,0,0,0,0.86891239,0,0,0,0,0,0,0,0,0,0,0,0,0,0,0,0,0,0,0,0,0,0,0,NRAS
TCGA-FS-A1YW,52,0.213485383,0,0,0,0,0,0.758196231,0,0,0,0,0,0,0,0,0,0,0,0,0,0,0,0.022678655,0,0,0,0,0,0,0,NRAS
TCGA-FS-A1YX,39,0.03244949,0.074206915,0,0.314898389,0,0,0.145557113,0.091845481,0,0,0,0,0,0,0.251239486,0.047961444,0,0,0,0,0,0,0.041841662,0,0,0,0,0,0,0,BRAF
TCGA-FS-A1YY,55,0.126756279,0,0,0.017731924,0,0,0.855511797,0,0,0,0,0,0,0,0,0,0,0,0,0,0,0,0,0,0,0,0,0,0,0,BRAF
TCGA-FS-A1Z0,32,0.157020696,0.046885081,0,0,0,0,0.663183289,0,0,0,0,0.030847695,0,0,0,0,0,0,0,0,0,0,0.05973637,0,0.042326869,0,0,0,0,0,NRAS
TCGA-FS-A1Z3,72,0.080877782,0,0,0,0,0,0.847095465,0,0,0,0,0,0,0,0,0,0,0,0,0,0,0,0.019562872,0,0.040510613,0,0,0,0,0,NRAS
TCGA-FS-A1Z7,19,0.073171014,0.0447771,0,0,0,0.051641082,0.694251353,0,0,0,0.089863975,0,0,0,0,0,0,0,0,0,0,0,0.046295476,0,0,0,0,0,0,0,BRAF
TCGA-FS-A1ZB,57,0.110574296,0,0,0,0,0,0.866818742,0,0,0,0,0,0,0,0,0,0,0.022606962,0,0,0,0,0,0,0,0,0,0,0,0,NRAS
TCGA-FS-A1ZC,51,0.079981078,0,0,0,0,0,0.834988279,0,0,0,0,0,0,0,0,0,0,0,0.058610345,0,0,0,0,0,0.026420299,0,0,0,0,0,BRAF
TCGA-FS-A1ZD,63,0.102606142,0.012850544,0,0,0.035104479,0,0.657410066,0,0,0,0.092689986,0,0,0,0,0,0,0.018583831,0,0,0.047363923,0,0,0,0.01771206,0,0,0,0,0,BRAF
TCGA-FS-A1ZE,40,0.186819408,0.061366336,0,0,0,0,0.553471436,0,0,0.080258083,0,0.070610305,0,0,0,0,0,0,0,0,0,0,0,0,0,0,0,0,0,0.047474432,NRAS
TCGA-FS-A1ZF,78,0.122223112,0,0,0,0.14940341,0,0.634092298,0,0,0,0.054672647,0,0,0,0,0,0,0,0,0,0,0,0,0,0.039608533,0,0,0,0,0,BRAF
TCGA-FS-A1ZH,71,0.471589882,0,0,0.042162956,0,0,0.112296722,0,0,0,0.124642784,0,0,0,0,0,0,0,0,0.065949992,0.095204062,0.065905219,0,0,0.022248383,0,0,0,0,0,BRAF
TCGA-FS-A1ZM,74,0.106601777,0,0,0.040650185,0.085628682,0,0.681099433,0,0,0,0.07802512,0,0,0,0,0,0,0,0,0,0,0,0,0,0,0,0,0,0,0,BRAF
TCGA-FS-A1ZN,43,0,0,0,0,0,0,0.773456158,0,0,0,0,0,0,0,0,0,0,0,0.22120217,0,0,0,0,0,0,0,0,0,0,0,BRAF
TCGA-FS-A1ZP,52,0.108177274,0.045159363,0,0,0,0,0.825636798,0,0,0,0,0,0,0,0,0,0,0,0,0.013602395,0,0,0,0,0,0,0,0,0,0,NRAS
TCGA-FS-A1ZQ,31,0.048109149,0,0,0,0,0,0.927777197,0,0,0,0,0,0,0,0,0,0,0,0,0,0,0,0,0,0,0,0,0,0,0,NRAS
TCGA-FS-A1ZR,36,0.122489133,0,0,0,0,0,0.816321956,0,0,0,0,0,0,0,0,0,0,0,0,0,0,0,0.053624521,0,0,0,0,0,0,0,BRAF
TCGA-FS-A1ZS,54,0.137083757,0,0.045021534,0,0,0,0.730087306,0,0,0,0.06189101,0.020419859,0,0,0,0,0,0,0,0,0,0,0,0,0,0,0,0,0,0,BRAF
TCGA-FS-A1ZT,55,0.112358093,0,0.017342729,0,0,0,0.817542443,0,0.029327793,0,0,0,0,0,0.017951122,0,0,0,0,0,0,0,0,0,0,0,0,0,0,0,NRAS
TCGA-FS-A1ZW,65,0.122689585,0.052993015,0,0,0,0,0.753287052,0,0,0,0,0,0,0,0,0,0,0,0,0.035344405,0,0,0.027807615,0,0,0,0,0,0,0,NRAS
TCGA-FS-A1ZY,71,0.248194748,0.087639013,0.139957801,0,0,0.101767426,0.077251403,0,0,0,0,0,0,0,0.024087925,0,0.045297839,0.034036113,0.241767732,0,0,0,0,0,0,0,0,0,0,0,NRAS
TCGA-FS-A4F5,77,0.074588084,0,0,0,0,0,0.919414868,0,0,0,0,0,0,0,0,0,0,0,0,0,0,0,0,0,0,0,0,0,0,0,NRAS
TCGA-FS-A4F8,52,0.16309063,0,0,0,0,0,0.73361573,0,0.018705352,0,0.04742017,0,0,0,0,0,0,0,0,0,0,0,0,0,0.037168118,0,0,0,0,0,BRAF
TCGA-FS-A4F9,80,0.019119813,0,0,0,0,0.048663331,0.883643645,0,0,0,0,0,0,0,0,0,0,0.013474699,0,0,0.014927484,0,0.020171029,0,0,0,0,0,0,0,NRAS
TCGA-FS-A4FB,46,0.148798863,0.013980856,0,0,0,0,0.715039758,0,0,0,0,0,0,0,0,0,0,0,0,0.013652068,0.028613154,0,0.054388939,0,0.025526363,0,0,0,0,0,BRAF
TCGA-FS-A4FC,75,0.107348012,0,0,0,0,0,0.865956019,0,0,0,0,0,0,0,0,0,0,0,0,0,0,0,0.026695969,0,0,0,0,0,0,0,NRAS
TCGA-FS-A4FD,39,0.064202318,0.052122529,0,0,0,0,0.864624041,0,0,0,0,0,0,0,0,0,0,0,0,0,0.019051113,0,0,0,0,0,0,0,0,0,NRAS
TCGA-FW-A3TV,57,0.072073845,0.091065973,0,0,0,0,0.704884738,0,0.015703736,0,0,0,0,0,0,0,0,0,0,0,0,0,0.041374637,0,0.074897071,0,0,0,0,0,BRAF
TCGA-FW-A5DX,71,0.061291851,0,0,0.013200993,0.103102001,0,0.772149362,0,0.010713163,0,0,0,0,0,0.030805841,0,0,0,0,0,0,0,0,0,0,0,0,0,0,0,BRAF
TCGA-FW-A5DY,48,0.066327173,0,0,0,0,0,0.927173619,0,0,0,0,0,0,0,0,0,0,0,0,0,0,0,0,0,0,0,0,0,0,0,BRAF
TCGA-GF-A2C7,48,0.010917193,0,0,0,0,0,0.7149761,0,0,0,0.220158018,0,0,0,0,0,0,0.053948689,0,0,0,0,0,0,0,0,0,0,0,0,BRAF
TCGA-GF-A3OT,58,0.108211075,0,0,0.035107096,0,0,0.742310174,0,0,0,0,0,0,0,0,0,0,0,0,0,0,0,0.100304292,0,0.014067337,0,0,0,0,0,NRAS
TCGA-GF-A4EO,74,0.073805928,0,0,0.046597691,0.060283622,0,0.713627992,0,0,0,0,0,0,0,0,0,0,0,0,0,0,0,0.046210362,0,0,0,0,0,0,0.059474405,BRAF
TCGA-GF-A6C8,62,0.103733222,0,0,0,0,0,0.793508751,0,0.01261209,0,0.041844253,0,0,0,0,0,0,0.026801496,0,0,0.01654637,0,0,0,0,0,0,0,0,0,BRAF
TCGA-GN-A262,47,0.070715709,0,0,0.034506737,0,0,0.718615319,0,0,0,0.06467892,0,0,0,0,0,0,0.028199548,0,0,0,0,0.083283741,0,0,0,0,0,0,0,BRAF
TCGA-GN-A263,24,0.050155633,0,0,0,0,0,0.864850165,0,0,0,0,0,0,0,0,0,0,0,0.041480608,0,0,0,0.037890011,0,0,0,0,0,0,0,BRAF
TCGA-GN-A265,53,0.034800779,0,0,0.040068319,0.159045352,0,0.703460684,0,0,0,0,0,0,0,0,0,0,0,0,0,0,0,0.062624866,0,0,0,0,0,0,0,BRAF
TCGA-GN-A267,38,0.124309718,0.045973818,0.037210817,0,0,0,0.693056163,0,0,0,0.091115746,0,0,0,0,0,0,0,0,0,0,0,0,0,0,0,0,0,0,0,NRAS
TCGA-GN-A268,83,0,0,0,0,0,0.072292254,0.844383083,0,0,0,0,0,0,0,0,0,0,0.020434846,0,0,0.035326445,0,0,0,0.017432864,0,0,0,0,0,NRAS
TCGA-IH-A3EA,61,0,0,0,0,0,0.046479378,0.950583412,0,0,0,0,0,0,0,0,0,0,0,0,0,0,0,0,0,0,0,0,0,0,0,BRAF
TCGA-QB-A6FS,49,0.043551317,0,0,0,0,0,0.956448683,0,0,0,0,0,0,0,0,0,0,0,0,0,0,0,0,0,0,0,0,0,0,0,BRAF
